segment_id,road_name,mean_elevation_m,elev_range_m,mean_slope_deg,max_slope_deg,std_slope_deg,mean_curvature,terrain_roughness,stream_proximity_pct,n_pairs,mean_disp_mm,disp_trend_mm_per_month,disp_std_mm,mean_coherence,max_disp_mm,min_disp_mm,rock_class,rocktype1,unit_name,AADT_2022,truck_pct,truck_AADT,data_source,rock_risk_score,geology_enc,landcover_enc,known_unstable,rf_prob,risk_score,risk_category
1,I-40,320.9,33.6,1.96,4.5,0.8,-0.0049,6.93,10.7,35,3.339,-0.1399,46.523,0.806,121.262,-125.683,carbonate,limestone,St. Louis Limestone and Warsaw Limestone,100854,28.4,28642,FHWA_HPMS_2022,2,0,2,0,0.0,0.2157,Low
2,I-40,322.2,38.4,1.93,4.5,0.81,-0.0081,6.8,11.0,35,3.258,-0.1339,46.018,0.791,120.249,-123.623,carbonate,limestone,Monteagle Limestone,95927,28.4,27243,FHWA_HPMS_2022,2,0,2,0,0.0,0.2082,Low
3,I-40,340.1,95.9,3.28,13.43,3.01,-0.0026,11.4,11.0,35,3.214,-0.1381,45.249,0.786,119.858,-123.536,carbonate,limestone,Monteagle Limestone,102026,27.2,27751,FHWA_HPMS_2022,2,0,2,0,0.0,0.2354,Low
4,I-40,358.7,87.4,5.05,13.43,3.38,0.0119,17.15,10.4,35,3.158,-0.13,44.855,0.73,121.868,-125.168,carbonate,limestone,Monteagle Limestone,108818,27.3,29707,FHWA_HPMS_2022,2,0,2,0,0.0032754208754208754,0.259,Moderate
5,I-40,358.1,92.7,4.97,13.43,3.03,0.0036,17.19,10.5,35,2.855,-0.1378,45.201,0.698,125.638,-128.773,carbonate,limestone,Monteagle Limestone,95182,28.3,26936,FHWA_HPMS_2022,2,0,2,0,0.0,0.2387,Low
6,I-40,364.3,112.8,5.67,12.31,3.0,0.0017,20.23,10.8,35,2.72,-0.1578,45.859,0.677,129.563,-131.163,carbonate,limestone,Bangor Limestone and Hartselle Formation,95183,25.8,24557,FHWA_HPMS_2022,2,0,2,0,0.0033333333333333335,0.246,Low
7,I-40,366.0,124.3,6.62,14.71,3.49,-0.0009,23.87,10.5,35,2.896,-0.1425,46.695,0.661,133.523,-133.049,carbonate,limestone,Monteagle Limestone,109254,25.9,28296,FHWA_HPMS_2022,2,0,2,0,0.0,0.276,Moderate
8,I-40,331.5,138.9,5.15,15.95,3.72,-0.0177,18.87,10.5,35,2.956,-0.1294,47.751,0.642,138.145,-136.759,carbonate,limestone,Monteagle Limestone,102955,26.9,27694,FHWA_HPMS_2022,2,0,2,0,0.006666666666666667,0.2614,Moderate
9,I-40,321.0,125.7,4.79,14.03,3.71,-0.0119,18.03,10.7,35,2.917,-0.0948,47.995,0.635,139.927,-138.321,carbonate,limestone,Monteagle Limestone,93356,27.7,25859,FHWA_HPMS_2022,2,0,2,0,0.0033333333333333335,0.2423,Low
10,I-40,358.4,142.3,7.59,16.29,4.52,0.0144,26.49,11.0,35,3.01,-0.0944,47.498,0.578,138.211,-136.838,carbonate,limestone,Monteagle Limestone,101210,28.5,28844,FHWA_HPMS_2022,2,0,2,0,0.013275420875420876,0.286,Moderate
11,I-40,391.7,137.2,8.29,17.6,4.47,0.0135,29.32,11.0,35,3.065,-0.137,47.462,0.528,136.874,-135.9,carbonate,limestone,Monteagle Limestone,93403,30.2,28207,FHWA_HPMS_2022,2,0,2,0,0.023275420875420876,0.291,Moderate
12,I-40,403.9,134.6,7.44,17.6,5.33,0.0342,27.2,10.4,35,3.014,-0.1288,47.429,0.569,137.556,-133.839,carbonate,limestone,Monteagle Limestone,93385,29.3,27361,FHWA_HPMS_2022,2,0,2,0,0.006666666666666667,0.2752,Moderate
13,I-40,402.1,105.9,7.37,15.99,4.63,-0.0028,26.34,10.5,35,3.127,-0.0715,47.623,0.55,140.802,-132.969,carbonate,limestone,Bangor Limestone and Hartselle Formation,98877,27.8,27487,FHWA_HPMS_2022,2,0,2,0,0.0033333333333333335,0.2718,Moderate
14,I-40,419.9,173.7,6.2,15.77,3.71,-0.0036,21.83,10.8,35,2.942,-0.0744,48.098,0.575,141.528,-133.725,carbonate,limestone,Bangor Limestone and Hartselle Formation,82152,28.0,23002,FHWA_HPMS_2022,2,0,2,0,0.07333333333333333,0.2724,Moderate
15,I-40,459.5,130.1,6.32,14.71,3.62,-0.0062,22.14,10.5,35,2.63,-0.1054,48.069,0.555,138.036,-132.642,carbonate,limestone,Pennington Formation,83614,26.5,22157,FHWA_HPMS_2022,2,0,2,0,0.006666666666666667,0.2397,Low
16,I-40,500.5,141.4,7.73,14.71,3.33,0.0043,26.23,10.5,35,2.494,-0.1239,47.576,0.483,135.523,-132.347,clastic_sedimentary,conglomerate,"Crab Orchard Mountains Group, including Rockcastle Conglomerate, Vandever Formation, Newton Sandstone, Whitwell Shale, and Sewanee Conglomerate",92636,28.0,25938,FHWA_HPMS_2022,3,1,2,0,0.01,0.2941,Moderate
17,I-40,528.3,89.7,5.54,12.74,3.44,-0.0005,19.63,10.7,35,2.512,-0.1755,47.148,0.483,135.107,-130.113,clastic_sedimentary,conglomerate,"Crab Orchard Mountains Group, including Rockcastle Conglomerate, Vandever Formation, Newton Sandstone, Whitwell Shale, and Sewanee Conglomerate",89140,27.6,24602,FHWA_HPMS_2022,3,1,2,0,0.0,0.2598,Moderate
18,I-40,547.2,90.1,2.87,11.27,2.19,0.0014,10.97,11.1,35,2.812,-0.1686,46.683,0.586,134.381,-125.249,clastic_sedimentary,shale,Pennington Formation,99438,28.5,28339,FHWA_HPMS_2022,3,1,2,0,0.0,0.2535,Moderate
19,I-40,549.3,121.5,4.78,19.13,5.48,0.0336,18.46,11.0,35,3.183,-0.1072,47.214,0.583,137.775,-124.999,clastic_sedimentary,conglomerate,"Crab Orchard Mountains Group, including Rockcastle Conglomerate, Vandever Formation, Newton Sandstone, Whitwell Shale, and Sewanee Conglomerate",89953,26.8,24107,FHWA_HPMS_2022,3,1,2,0,0.0033333333333333335,0.2671,Moderate
20,I-40,488.0,219.5,10.51,20.84,6.42,-0.0276,37.59,10.4,35,3.57,-0.0393,48.536,0.438,143.017,-126.779,clastic_sedimentary,limestone,"Crab Orchard Mountains Group, including Rockcastle Conglomerate, Vandever Formation, Newton Sandstone, Whitwell Shale, and Sewanee Conglomerate",86040,28.8,24779,FHWA_HPMS_2022,3,1,2,1,0.911011498338184,0.6553,High
21,I-40,475.0,211.2,12.1,20.84,4.77,0.0053,41.94,10.5,35,3.862,0.0063,49.281,0.409,145.518,-126.265,clastic_sedimentary,limestone,"Crab Orchard Mountains Group, including Rockcastle Conglomerate, Vandever Formation, Newton Sandstone, Whitwell Shale, and Sewanee Conglomerate",108373,30.3,32837,FHWA_HPMS_2022,3,1,2,1,0.942495126705653,0.7132,High
22,I-40,456.3,244.2,10.4,15.5,3.71,0.017,37.48,10.7,35,4.391,-0.0019,49.384,0.418,146.121,-125.862,clastic_sedimentary,limestone,"Crab Orchard Mountains Group, including Rockcastle Conglomerate, Vandever Formation, Newton Sandstone, Whitwell Shale, and Sewanee Conglomerate",95247,27.8,26478,FHWA_HPMS_2022,3,1,2,1,0.8924832433049723,0.6729,High
23,I-40,410.5,194.3,10.67,18.05,3.69,-0.0174,38.14,10.7,35,4.663,0.0451,48.836,0.461,144.715,-126.615,clastic_sedimentary,limestone,"Crab Orchard Mountains Group, including Rockcastle Conglomerate, Vandever Formation, Newton Sandstone, Whitwell Shale, and Sewanee Conglomerate",97524,28.6,27891,FHWA_HPMS_2022,3,1,2,1,0.8994060664880336,0.6791,High
24,I-40,409.4,244.6,12.03,22.11,4.74,-0.015,42.91,10.5,35,4.288,0.1037,47.466,0.456,136.401,-121.08,clastic_sedimentary,limestone,"Crab Orchard Mountains Group, including Rockcastle Conglomerate, Vandever Formation, Newton Sandstone, Whitwell Shale, and Sewanee Conglomerate",85943,29.0,24923,FHWA_HPMS_2022,3,1,2,1,0.9691617933723198,0.707,High
25,I-40,428.6,254.7,13.98,22.11,4.04,0.0142,48.83,10.8,35,3.996,0.0343,48.005,0.421,133.562,-121.887,clastic_sedimentary,limestone,"Crab Orchard Mountains Group, including Rockcastle Conglomerate, Vandever Formation, Newton Sandstone, Whitwell Shale, and Sewanee Conglomerate",84167,27.4,23061,FHWA_HPMS_2022,3,1,2,1,0.9824951267056531,0.7194,High
26,I-40,487.8,252.0,12.34,23.14,6.01,0.0456,45.0,10.4,35,3.594,-0.0577,49.125,0.459,136.298,-129.049,clastic_sedimentary,limestone,"Crab Orchard Mountains Group, including Rockcastle Conglomerate, Vandever Formation, Newton Sandstone, Whitwell Shale, and Sewanee Conglomerate",88780,28.3,25124,FHWA_HPMS_2022,3,1,2,1,0.9666666666666667,0.703,High
27,I-40,535.0,173.0,9.26,23.14,6.77,0.0149,35.22,10.5,35,3.396,-0.0803,48.576,0.482,136.88,-127.634,clastic_sedimentary,limestone,"Crab Orchard Mountains Group, including Rockcastle Conglomerate, Vandever Formation, Newton Sandstone, Whitwell Shale, and Sewanee Conglomerate",79897,28.0,22371,FHWA_HPMS_2022,3,1,2,1,0.7566666666666667,0.5745,High
28,I-40,554.1,127.0,5.15,21.24,5.87,-0.0021,19.22,10.7,35,3.199,-0.083,48.451,0.479,138.618,-128.292,clastic_sedimentary,limestone,"Crab Orchard Mountains Group, including Rockcastle Conglomerate, Vandever Formation, Newton Sandstone, Whitwell Shale, and Sewanee Conglomerate",90644,28.1,25470,FHWA_HPMS_2022,3,1,2,0,0.03,0.2827,Moderate
29,I-40,575.2,48.8,1.81,5.31,1.26,0.0049,7.97,13.9,35,3.155,-0.0576,49.285,0.507,141.59,-132.394,clastic_sedimentary,conglomerate,"Crab Orchard Mountains Group, including Rockcastle Conglomerate, Vandever Formation, Newton Sandstone, Whitwell Shale, and Sewanee Conglomerate",83771,26.8,22450,FHWA_HPMS_2022,3,1,2,0,0.0,0.2161,Low
30,I-40,591.0,50.9,2.93,8.17,1.69,-0.009,10.76,10.8,35,3.206,-0.0157,50.013,0.554,144.035,-135.047,clastic_sedimentary,conglomerate,"Crab Orchard Mountains Group, including Rockcastle Conglomerate, Vandever Formation, Newton Sandstone, Whitwell Shale, and Sewanee Conglomerate",85946,28.0,24064,FHWA_HPMS_2022,3,1,2,0,0.0,0.2294,Low
31,I-40,600.6,52.2,3.49,8.17,2.07,0.005,12.65,10.8,35,3.31,-0.015,49.931,0.534,146.612,-136.113,clastic_sedimentary,conglomerate,"Crab Orchard Mountains Group, including Rockcastle Conglomerate, Vandever Formation, Newton Sandstone, Whitwell Shale, and Sewanee Conglomerate",83763,28.7,24039,FHWA_HPMS_2022,3,1,1,0,0.0,0.2344,Low
32,I-40,588.2,66.9,4.49,7.96,1.9,0.0069,15.28,10.8,35,3.532,-0.0401,49.236,0.48,147.338,-135.879,clastic_sedimentary,conglomerate,"Crab Orchard Mountains Group, including Rockcastle Conglomerate, Vandever Formation, Newton Sandstone, Whitwell Shale, and Sewanee Conglomerate",101040,30.2,30514,FHWA_HPMS_2022,3,1,2,0,0.0,0.2741,Moderate
33,I-40,575.0,72.8,4.43,7.8,1.93,0.0011,15.36,10.4,35,3.676,-0.0976,49.407,0.503,147.729,-136.423,clastic_sedimentary,conglomerate,Rockcastle Conglomerate,87904,29.4,25843,FHWA_HPMS_2022,3,1,2,0,0.0,0.2611,Moderate
34,I-40,576.7,65.8,3.77,7.86,2.04,-0.0069,13.62,10.5,35,3.127,-0.0671,50.07,0.532,147.405,-138.437,clastic_sedimentary,conglomerate,Rockcastle Conglomerate,80553,31.2,25132,FHWA_HPMS_2022,3,1,2,0,0.006666666666666667,0.2406,Low
35,I-40,588.1,53.5,2.71,7.86,1.88,0.0096,10.33,10.5,35,2.79,-0.0315,50.08,0.542,144.869,-138.445,clastic_sedimentary,conglomerate,Rockcastle Conglomerate,93790,26.8,25135,FHWA_HPMS_2022,3,1,2,0,0.0,0.2311,Low
36,I-40,580.7,70.8,3.35,10.19,2.36,-0.0103,12.91,10.7,35,3.051,-0.0909,49.755,0.525,140.546,-137.69,clastic_sedimentary,conglomerate,"Crab Orchard Mountains Group, including Rockcastle Conglomerate, Vandever Formation, Newton Sandstone, Whitwell Shale, and Sewanee Conglomerate",79405,29.3,23265,FHWA_HPMS_2022,3,1,2,0,0.0,0.2318,Low
37,I-40,576.9,66.6,3.83,10.19,2.77,0.002,14.09,11.0,35,3.684,-0.1169,49.191,0.519,136.125,-135.446,clastic_sedimentary,conglomerate,"Crab Orchard Mountains Group, including Rockcastle Conglomerate, Vandever Formation, Newton Sandstone, Whitwell Shale, and Sewanee Conglomerate",89470,28.3,25320,FHWA_HPMS_2022,3,1,2,0,0.0033333333333333335,0.2579,Moderate
38,I-40,586.4,63.4,1.98,9.29,2.37,0.0099,7.5,10.7,35,3.715,-0.1231,48.578,0.567,131.618,-133.848,clastic_sedimentary,conglomerate,"Crab Orchard Mountains Group, including Rockcastle Conglomerate, Vandever Formation, Newton Sandstone, Whitwell Shale, and Sewanee Conglomerate",74203,31.3,23225,FHWA_HPMS_2022,3,1,2,0,0.0033333333333333335,0.224,Low
39,I-40,588.6,21.8,0.81,2.14,0.39,0.0003,2.98,10.8,35,3.45,-0.1389,48.113,0.573,128.785,-133.656,clastic_sedimentary,conglomerate,"Crab Orchard Mountains Group, including Rockcastle Conglomerate, Vandever Formation, Newton Sandstone, Whitwell Shale, and Sewanee Conglomerate",78649,26.8,21077,FHWA_HPMS_2022,3,1,2,0,0.0,0.2013,Low
40,I-40,582.9,24.6,1.26,3.66,0.76,0.0027,4.36,10.5,35,3.443,-0.0959,47.875,0.542,126.299,-134.01,clastic_sedimentary,conglomerate,"Crab Orchard Mountains Group, including Rockcastle Conglomerate, Vandever Formation, Newton Sandstone, Whitwell Shale, and Sewanee Conglomerate",89385,26.7,23865,FHWA_HPMS_2022,3,1,2,0,0.0,0.217,Low
41,I-40,579.6,27.5,1.57,3.66,0.73,0.0062,5.49,10.5,35,3.679,-0.039,48.256,0.54,124.958,-134.903,clastic_sedimentary,conglomerate,"Crab Orchard Mountains Group, including Rockcastle Conglomerate, Vandever Formation, Newton Sandstone, Whitwell Shale, and Sewanee Conglomerate",93198,27.1,25256,FHWA_HPMS_2022,3,1,2,0,0.0,0.2269,Low
42,I-40,574.9,52.1,2.38,8.4,1.61,0.0029,8.38,10.7,35,3.779,-0.0758,49.137,0.528,124.584,-134.22,clastic_sedimentary,conglomerate,"Crab Orchard Mountains Group, including Rockcastle Conglomerate, Vandever Formation, Newton Sandstone, Whitwell Shale, and Sewanee Conglomerate",89206,24.8,22123,FHWA_HPMS_2022,3,1,2,0,0.0033333333333333335,0.235,Low
43,I-40,559.6,65.6,3.8,8.58,1.96,-0.0066,12.77,10.7,35,3.874,-0.0614,50.333,0.483,123.867,-132.236,clastic_sedimentary,conglomerate,"Crab Orchard Mountains Group, including Rockcastle Conglomerate, Vandever Formation, Newton Sandstone, Whitwell Shale, and Sewanee Conglomerate",87185,27.2,23714,FHWA_HPMS_2022,3,1,2,0,0.0,0.2511,Moderate
44,I-40,556.9,66.1,4.07,9.2,2.18,0.0018,14.51,10.8,35,3.399,0.036,51.189,0.497,121.986,-134.03,clastic_sedimentary,shale,"Crooked Fork Group, including Wartburg Sandstone, Glenmary Shale, Coalfield Sandstone, Burnt Mill Shale, Crossville Sandstone, Dorton Shale",85880,26.9,23101,FHWA_HPMS_2022,3,1,2,0,0.0,0.2451,Low
45,I-40,566.5,65.6,2.95,9.2,2.0,0.001,11.18,10.8,35,2.689,0.0911,51.708,0.561,119.171,-137.382,clastic_sedimentary,shale,"Crooked Fork Group, including Wartburg Sandstone, Glenmary Shale, Coalfield Sandstone, Burnt Mill Shale, Crossville Sandstone, Dorton Shale",77591,28.2,21880,FHWA_HPMS_2022,3,1,2,0,0.0,0.2188,Low
46,I-40,570.2,38.5,2.17,4.38,0.97,0.005,7.76,10.7,35,2.163,0.2052,52.294,0.578,117.295,-139.851,clastic_sedimentary,shale,"Crooked Fork Group, including Wartburg Sandstone, Glenmary Shale, Coalfield Sandstone, Burnt Mill Shale, Crossville Sandstone, Dorton Shale",82932,28.5,23635,FHWA_HPMS_2022,3,1,2,0,0.0,0.2112,Low
47,I-40,569.2,35.3,2.12,4.18,0.91,-0.0022,7.57,10.7,35,2.034,0.1746,52.526,0.583,118.211,-142.655,clastic_sedimentary,shale,"Crooked Fork Group, including Wartburg Sandstone, Glenmary Shale, Coalfield Sandstone, Burnt Mill Shale, Crossville Sandstone, Dorton Shale",84757,30.8,26105,FHWA_HPMS_2022,3,1,2,0,0.0,0.2126,Low
48,I-40,563.9,44.4,2.29,4.13,0.89,-0.0068,7.8,10.7,35,2.388,0.0467,52.824,0.606,121.121,-144.811,clastic_sedimentary,shale,"Crooked Fork Group, including Wartburg Sandstone, Glenmary Shale, Coalfield Sandstone, Burnt Mill Shale, Crossville Sandstone, Dorton Shale",95442,29.4,28059,FHWA_HPMS_2022,3,1,2,0,0.0,0.2267,Low
49,I-40,556.6,40.5,2.08,3.91,0.94,-0.0025,7.17,10.5,35,2.349,0.1184,53.396,0.619,123.387,-145.368,clastic_sedimentary,conglomerate,"Crab Orchard Mountains Group, including Rockcastle Conglomerate, Vandever Formation, Newton Sandstone, Whitwell Shale, and Sewanee Conglomerate",84254,27.1,22832,FHWA_HPMS_2022,3,1,2,0,0.0,0.2094,Low
50,I-40,551.5,36.0,1.93,5.85,1.12,-0.0024,7.0,10.8,35,2.53,0.1463,53.479,0.602,123.682,-145.489,clastic_sedimentary,conglomerate,"Crab Orchard Mountains Group, including Rockcastle Conglomerate, Vandever Formation, Newton Sandstone, Whitwell Shale, and Sewanee Conglomerate",70434,26.7,18805,FHWA_HPMS_2022,3,1,2,0,0.0,0.1936,Low
51,I-40,553.6,50.8,2.13,6.69,1.36,0.005,7.63,10.5,35,2.646,0.1002,53.455,0.591,124.162,-146.682,clastic_sedimentary,conglomerate,"Crab Orchard Mountains Group, including Rockcastle Conglomerate, Vandever Formation, Newton Sandstone, Whitwell Shale, and Sewanee Conglomerate",84125,28.7,24143,FHWA_HPMS_2022,3,1,2,0,0.0,0.2174,Low
52,I-40,556.4,30.1,1.79,6.69,0.93,0.0038,6.47,10.7,35,1.997,0.1789,54.297,0.627,124.822,-150.218,clastic_sedimentary,conglomerate,"Crab Orchard Mountains Group, including Rockcastle Conglomerate, Vandever Formation, Newton Sandstone, Whitwell Shale, and Sewanee Conglomerate",79473,26.0,20662,FHWA_HPMS_2022,3,1,2,0,0.0,0.1959,Low
53,I-40,550.6,40.1,1.82,3.56,0.72,-0.0024,6.05,11.0,35,1.754,0.1933,55.107,0.651,126.309,-152.939,clastic_sedimentary,conglomerate,"Crab Orchard Mountains Group, including Rockcastle Conglomerate, Vandever Formation, Newton Sandstone, Whitwell Shale, and Sewanee Conglomerate",77559,30.7,23810,FHWA_HPMS_2022,3,1,2,0,0.0,0.1984,Low
54,I-40,540.4,29.2,1.89,3.65,0.75,-0.0033,6.17,11.0,35,1.939,0.1498,55.425,0.626,128.109,-153.262,other,other,other,86012,29.8,25631,FHWA_HPMS_2022,1,3,2,0,0.0,0.1545,Low
55,I-40,541.1,25.3,1.55,3.06,0.6,-0.0004,5.34,10.7,35,2.035,0.0679,55.926,0.63,129.367,-153.919,clastic_sedimentary,conglomerate,"Crab Orchard Mountains Group, including Rockcastle Conglomerate, Vandever Formation, Newton Sandstone, Whitwell Shale, and Sewanee Conglomerate",88763,27.3,24232,FHWA_HPMS_2022,3,1,2,0,0.0,0.2023,Low
56,I-40,535.8,72.0,3.01,10.16,2.6,0.0041,10.62,10.7,35,1.937,-0.0133,56.159,0.608,128.516,-152.646,clastic_sedimentary,conglomerate,"Crab Orchard Mountains Group, including Rockcastle Conglomerate, Vandever Formation, Newton Sandstone, Whitwell Shale, and Sewanee Conglomerate",88109,25.4,22379,FHWA_HPMS_2022,3,1,2,0,0.0,0.2168,Low
57,I-40,535.7,77.4,3.35,10.16,2.58,0.0019,12.45,10.7,35,1.896,0.0056,55.356,0.557,125.061,-147.081,clastic_sedimentary,conglomerate,"Crab Orchard Mountains Group, including Rockcastle Conglomerate, Vandever Formation, Newton Sandstone, Whitwell Shale, and Sewanee Conglomerate",76494,30.0,22948,FHWA_HPMS_2022,3,1,2,0,0.0,0.2117,Low
58,I-40,540.8,33.6,1.93,8.41,1.31,0.0069,8.1,10.5,35,1.969,0.0651,55.182,0.541,123.66,-141.273,clastic_sedimentary,conglomerate,"Crab Orchard Mountains Group, including Rockcastle Conglomerate, Vandever Formation, Newton Sandstone, Whitwell Shale, and Sewanee Conglomerate",79971,27.8,22231,FHWA_HPMS_2022,3,1,2,0,0.0,0.197,Low
59,I-40,535.7,29.3,1.65,3.83,0.77,0.0001,6.59,11.0,35,1.647,0.0971,55.429,0.545,119.5,-137.484,clastic_sedimentary,conglomerate,"Crab Orchard Mountains Group, including Rockcastle Conglomerate, Vandever Formation, Newton Sandstone, Whitwell Shale, and Sewanee Conglomerate",84173,29.9,25167,FHWA_HPMS_2022,3,1,2,0,0.0,0.1983,Low
60,I-40,533.7,29.2,1.7,5.32,0.96,0.0028,6.69,10.7,35,1.626,0.0919,55.384,0.564,116.314,-136.25,clastic_sedimentary,conglomerate,"Crab Orchard Mountains Group, including Rockcastle Conglomerate, Vandever Formation, Newton Sandstone, Whitwell Shale, and Sewanee Conglomerate",88399,25.6,22630,FHWA_HPMS_2022,3,1,2,0,0.0,0.1974,Low
61,I-40,528.7,44.1,1.98,5.32,1.1,-0.0062,7.11,10.7,35,1.301,0.0097,56.242,0.532,120.358,-140.159,clastic_sedimentary,conglomerate,"Crab Orchard Mountains Group, including Rockcastle Conglomerate, Vandever Formation, Newton Sandstone, Whitwell Shale, and Sewanee Conglomerate",78856,27.1,21369,FHWA_HPMS_2022,3,1,2,0,0.0,0.184,Low
62,I-40,528.5,56.3,2.26,7.01,1.16,0.0079,8.72,10.7,35,0.793,-0.0772,58.041,0.5,125.435,-147.586,clastic_sedimentary,shale,"Crooked Fork Group, including Wartburg Sandstone, Glenmary Shale, Coalfield Sandstone, Burnt Mill Shale, Crossville Sandstone, Dorton Shale",80782,28.0,22618,FHWA_HPMS_2022,3,1,2,0,0.0,0.1897,Low
63,I-40,529.7,78.0,3.51,16.8,2.96,0.0216,14.17,10.8,35,1.314,-0.1851,60.03,0.448,128.379,-154.115,clastic_sedimentary,shale,"Crooked Fork Group, including Wartburg Sandstone, Glenmary Shale, Coalfield Sandstone, Burnt Mill Shale, Crossville Sandstone, Dorton Shale",74742,28.1,21002,FHWA_HPMS_2022,3,1,2,0,0.006666666666666667,0.2143,Low
64,I-40,513.1,138.1,6.02,19.0,5.01,0.0001,22.51,10.7,35,2.223,-0.2385,60.478,0.425,125.657,-155.244,clastic_sedimentary,shale,"Crooked Fork Group, including Wartburg Sandstone, Glenmary Shale, Coalfield Sandstone, Burnt Mill Shale, Crossville Sandstone, Dorton Shale",74152,27.3,20243,FHWA_HPMS_2022,3,1,2,0,0.02666666666666667,0.2684,Moderate
65,I-40,497.0,124.2,7.44,19.4,5.52,-0.009,26.73,10.7,35,2.055,-0.1879,60.177,0.442,123.254,-154.239,clastic_sedimentary,shale,"Crooked Fork Group, including Wartburg Sandstone, Glenmary Shale, Coalfield Sandstone, Burnt Mill Shale, Crossville Sandstone, Dorton Shale",87330,28.9,25238,FHWA_HPMS_2022,3,1,2,0,0.03666666666666667,0.2965,Moderate
66,I-40,507.0,126.5,6.38,19.89,5.21,0.0201,24.01,10.5,35,1.494,-0.1481,60.212,0.441,129.734,-152.997,clastic_sedimentary,shale,"Crooked Fork Group, including Wartburg Sandstone, Glenmary Shale, Coalfield Sandstone, Burnt Mill Shale, Crossville Sandstone, Dorton Shale",90896,26.4,23996,FHWA_HPMS_2022,3,1,2,0,0.013333333333333334,0.2709,Moderate
67,I-40,503.8,138.3,6.81,19.97,5.62,0.0471,25.04,10.7,35,1.416,-0.0464,61.269,0.434,143.148,-157.255,clastic_sedimentary,shale,"Crooked Fork Group, including Wartburg Sandstone, Glenmary Shale, Coalfield Sandstone, Burnt Mill Shale, Crossville Sandstone, Dorton Shale",81527,27.8,22664,FHWA_HPMS_2022,3,1,2,0,0.05648993012741471,0.2764,Moderate
68,I-40,479.8,128.2,8.26,19.97,5.56,-0.0077,29.48,10.5,35,1.247,0.0194,61.596,0.436,142.627,-156.112,clastic_sedimentary,shale,"Crooked Fork Group, including Wartburg Sandstone, Glenmary Shale, Coalfield Sandstone, Burnt Mill Shale, Crossville Sandstone, Dorton Shale",88583,28.2,24980,FHWA_HPMS_2022,3,1,2,0,0.02666666666666667,0.2835,Moderate
69,I-40,493.5,154.9,6.25,18.05,4.5,0.0025,22.48,10.7,35,0.795,-0.0693,60.358,0.504,131.84,-149.054,clastic_sedimentary,shale,"Crooked Fork Group, including Wartburg Sandstone, Glenmary Shale, Coalfield Sandstone, Burnt Mill Shale, Crossville Sandstone, Dorton Shale",84372,28.8,24299,FHWA_HPMS_2022,3,1,2,0,0.019520624303232998,0.2569,Moderate
70,I-40,502.0,85.6,4.4,10.84,2.41,0.0025,15.79,10.8,35,0.42,-0.1212,60.42,0.604,128.396,-148.999,clastic_sedimentary,shale,"Crooked Fork Group, including Wartburg Sandstone, Glenmary Shale, Coalfield Sandstone, Burnt Mill Shale, Crossville Sandstone, Dorton Shale",77768,29.1,22630,FHWA_HPMS_2022,3,1,2,0,0.0,0.2097,Low
71,I-40,495.3,75.7,4.05,10.84,2.34,0.0042,14.02,10.7,35,0.442,-0.1376,60.899,0.671,130.862,-150.929,clastic_sedimentary,shale,"Crooked Fork Group, including Wartburg Sandstone, Glenmary Shale, Coalfield Sandstone, Burnt Mill Shale, Crossville Sandstone, Dorton Shale",84370,26.3,22189,FHWA_HPMS_2022,3,1,2,0,0.0,0.21,Low
72,I-40,483.2,67.5,3.32,7.75,1.68,0.0145,11.61,10.8,35,0.375,-0.1124,61.713,0.69,133.64,-153.04,clastic_sedimentary,shale,"Crooked Fork Group, including Wartburg Sandstone, Glenmary Shale, Coalfield Sandstone, Burnt Mill Shale, Crossville Sandstone, Dorton Shale",60644,25.7,15585,FHWA_HPMS_2022,3,1,2,0,0.0,0.1699,Low
73,I-40,462.5,73.7,3.68,7.75,1.84,0.0005,12.63,11.0,35,0.256,-0.0728,62.854,0.616,136.387,-154.305,clastic_sedimentary,shale,"Crooked Fork Group, including Wartburg Sandstone, Glenmary Shale, Coalfield Sandstone, Burnt Mill Shale, Crossville Sandstone, Dorton Shale",53845,29.9,16099,FHWA_HPMS_2022,3,1,2,0,0.0,0.1664,Low
74,I-40,457.1,76.5,3.99,9.59,2.03,-0.0049,14.52,10.8,35,0.542,-0.118,63.949,0.526,140.389,-154.099,clastic_sedimentary,shale,"Crooked Fork Group, including Wartburg Sandstone, Glenmary Shale, Coalfield Sandstone, Burnt Mill Shale, Crossville Sandstone, Dorton Shale",60759,28.5,17316,FHWA_HPMS_2022,3,1,2,0,0.0,0.185,Low
75,I-40,473.1,95.2,3.43,9.59,2.35,-0.0055,12.91,10.7,35,1.217,-0.1583,65.155,0.518,139.142,-153.142,clastic_sedimentary,shale,"Crooked Fork Group, including Wartburg Sandstone, Glenmary Shale, Coalfield Sandstone, Burnt Mill Shale, Crossville Sandstone, Dorton Shale",42682,26.9,11481,FHWA_HPMS_2022,3,1,2,0,0.0033333333333333335,0.1719,Low
76,I-40,505.8,103.2,4.97,14.91,3.85,0.0123,17.46,10.8,35,1.749,-0.2015,65.339,0.527,133.196,-151.794,clastic_sedimentary,conglomerate,"Crab Orchard Mountains Group, including Rockcastle Conglomerate, Vandever Formation, Newton Sandstone, Whitwell Shale, and Sewanee Conglomerate",57550,30.3,17437,FHWA_HPMS_2022,3,1,2,0,0.009942087542087542,0.2208,Low
77,I-40,523.6,102.3,6.17,15.22,3.63,0.0156,20.76,10.7,35,2.107,-0.2148,65.796,0.539,137.856,-153.103,clastic_sedimentary,shale,"Crooked Fork Group, including Wartburg Sandstone, Glenmary Shale, Coalfield Sandstone, Burnt Mill Shale, Crossville Sandstone, Dorton Shale",54376,28.2,15334,FHWA_HPMS_2022,3,1,2,0,0.01648880999675979,0.2332,Low
78,I-40,512.5,89.7,3.56,8.37,2.43,-0.0028,12.78,10.8,35,2.158,-0.2221,67.397,0.545,152.511,-157.367,clastic_sedimentary,shale,"Crooked Fork Group, including Wartburg Sandstone, Glenmary Shale, Coalfield Sandstone, Burnt Mill Shale, Crossville Sandstone, Dorton Shale",52708,29.8,15706,FHWA_HPMS_2022,3,1,2,0,0.0,0.2028,Low
79,I-40,500.1,64.5,3.07,10.05,2.35,0.0047,12.58,10.7,35,2.468,-0.2654,68.714,0.516,159.141,-156.127,clastic_sedimentary,conglomerate,"Crab Orchard Mountains Group, including Rockcastle Conglomerate, Vandever Formation, Newton Sandstone, Whitwell Shale, and Sewanee Conglomerate",54396,28.1,15285,FHWA_HPMS_2022,3,1,2,0,0.013333333333333334,0.2081,Low
80,I-40,476.2,144.5,6.07,20.19,4.58,0.0169,23.0,10.8,35,2.787,-0.2576,69.545,0.469,158.202,-149.477,clastic_sedimentary,shale,"Crooked Fork Group, including Wartburg Sandstone, Glenmary Shale, Coalfield Sandstone, Burnt Mill Shale, Crossville Sandstone, Dorton Shale",45413,31.1,14123,FHWA_HPMS_2022,3,1,2,0,0.19599021242318732,0.309,Moderate
81,I-40,457.5,132.7,7.33,20.19,4.71,0.0265,27.03,10.8,35,2.974,-0.2873,70.215,0.422,159.348,-153.785,clastic_sedimentary,shale,"Crooked Fork Group, including Wartburg Sandstone, Glenmary Shale, Coalfield Sandstone, Burnt Mill Shale, Crossville Sandstone, Dorton Shale",53051,30.6,16233,FHWA_HPMS_2022,3,1,2,1,0.8491239249999649,0.5612,High
82,I-40,465.3,185.8,7.06,18.1,3.99,-0.0014,25.5,10.8,35,2.528,-0.2805,71.457,0.423,160.607,-173.342,clastic_sedimentary,shale,"Crooked Fork Group, including Wartburg Sandstone, Glenmary Shale, Coalfield Sandstone, Burnt Mill Shale, Crossville Sandstone, Dorton Shale",55542,27.6,15329,FHWA_HPMS_2022,3,1,2,1,0.8618740188994999,0.5656,High
83,I-40,499.6,138.7,6.37,15.3,3.72,-0.0047,22.86,11.0,35,2.199,-0.2753,71.79,0.441,160.819,-178.01,clastic_sedimentary,shale,"Crooked Fork Group, including Wartburg Sandstone, Glenmary Shale, Coalfield Sandstone, Burnt Mill Shale, Crossville Sandstone, Dorton Shale",60384,29.5,17813,FHWA_HPMS_2022,3,1,2,1,0.7188633504545269,0.5043,High
84,I-40,529.3,82.3,4.5,12.47,3.02,0.0,16.06,10.8,35,2.3,-0.3253,70.554,0.451,153.724,-170.028,clastic_sedimentary,shale,"Crooked Fork Group, including Wartburg Sandstone, Glenmary Shale, Coalfield Sandstone, Burnt Mill Shale, Crossville Sandstone, Dorton Shale",51761,29.0,15010,FHWA_HPMS_2022,3,1,2,0,0.02,0.2238,Low
85,I-40,549.8,78.3,3.77,8.26,1.86,0.0056,13.13,10.5,35,2.468,-0.3292,70.376,0.455,154.501,-166.23,clastic_sedimentary,shale,"Crooked Fork Group, including Wartburg Sandstone, Glenmary Shale, Coalfield Sandstone, Burnt Mill Shale, Crossville Sandstone, Dorton Shale",50507,30.1,15202,FHWA_HPMS_2022,3,1,2,0,0.01,0.214,Low
86,I-40,573.6,60.5,3.29,8.26,1.84,0.0138,11.66,10.7,35,2.17,-0.3264,70.033,0.495,161.069,-165.921,clastic_sedimentary,shale,"Crooked Fork Group, including Wartburg Sandstone, Glenmary Shale, Coalfield Sandstone, Burnt Mill Shale, Crossville Sandstone, Dorton Shale",51832,26.6,13787,FHWA_HPMS_2022,3,1,2,0,0.01,0.201,Low
87,I-40,564.5,79.3,3.37,10.2,1.8,0.0071,11.84,10.8,35,1.763,-0.3226,70.08,0.518,162.623,-171.721,clastic_sedimentary,shale,"Crooked Fork Group, including Wartburg Sandstone, Glenmary Shale, Coalfield Sandstone, Burnt Mill Shale, Crossville Sandstone, Dorton Shale",57954,29.0,16806,FHWA_HPMS_2022,3,1,2,0,0.052627257799671597,0.2236,Low
88,I-40,523.1,136.5,5.09,13.04,2.66,0.0032,17.99,10.4,35,1.851,-0.2635,70.389,0.479,162.711,-171.576,clastic_sedimentary,shale,"Crooked Fork Group, including Wartburg Sandstone, Glenmary Shale, Coalfield Sandstone, Burnt Mill Shale, Crossville Sandstone, Dorton Shale",55420,29.6,16404,FHWA_HPMS_2022,3,1,2,0,0.08547771653890562,0.257,Moderate
89,I-40,492.7,83.7,5.39,13.04,2.7,-0.0178,19.19,10.5,35,1.81,-0.1766,70.43,0.47,167.243,-159.842,clastic_sedimentary,shale,"Crooked Fork Group, including Wartburg Sandstone, Glenmary Shale, Coalfield Sandstone, Burnt Mill Shale, Crossville Sandstone, Dorton Shale",51711,25.4,13134,FHWA_HPMS_2022,3,1,2,0,0.056702531535817564,0.2285,Low
90,I-40,503.0,107.6,4.55,11.64,2.39,-0.0145,16.43,10.7,35,2.07,-0.2612,70.575,0.496,170.151,-151.125,clastic_sedimentary,shale,"Crooked Fork Group, including Wartburg Sandstone, Glenmary Shale, Coalfield Sandstone, Burnt Mill Shale, Crossville Sandstone, Dorton Shale",56217,26.2,14728,FHWA_HPMS_2022,3,1,2,0,0.07308357930384535,0.2442,Low
91,I-40,544.2,173.3,5.91,12.55,3.43,-0.0127,21.31,10.7,35,2.71,-0.3905,69.358,0.475,166.264,-146.099,clastic_sedimentary,conglomerate,"Crab Orchard Mountains Group, including Rockcastle Conglomerate, Vandever Formation, Newton Sandstone, Whitwell Shale, and Sewanee Conglomerate",54419,24.9,13550,FHWA_HPMS_2022,3,1,2,1,0.7378365838143758,0.5117,High
92,I-40,608.6,149.0,6.34,12.55,3.36,0.0104,22.83,10.8,35,2.856,-0.4044,68.584,0.49,159.357,-146.531,clastic_sedimentary,conglomerate,"Crab Orchard Mountains Group, including Rockcastle Conglomerate, Vandever Formation, Newton Sandstone, Whitwell Shale, and Sewanee Conglomerate",58184,27.6,16058,FHWA_HPMS_2022,3,1,1,1,0.7524622770511668,0.5265,High
93,I-40,625.9,113.0,6.35,13.81,3.23,0.0164,22.02,10.7,35,2.269,-0.3439,69.594,0.474,154.781,-153.249,clastic_sedimentary,conglomerate,"Crab Orchard Mountains Group, including Rockcastle Conglomerate, Vandever Formation, Newton Sandstone, Whitwell Shale, and Sewanee Conglomerate",50967,29.1,14831,FHWA_HPMS_2022,3,1,1,0,0.09575781743253464,0.2713,Moderate
94,I-40,590.3,124.3,7.09,13.81,2.49,-0.0152,22.99,10.8,35,1.967,-0.2807,70.889,0.477,156.5,-164.502,clastic_sedimentary,conglomerate,"Crab Orchard Mountains Group, including Rockcastle Conglomerate, Vandever Formation, Newton Sandstone, Whitwell Shale, and Sewanee Conglomerate",52584,30.3,15932,FHWA_HPMS_2022,3,1,2,0,0.13781054686014924,0.2896,Moderate
95,I-40,547.2,152.1,6.11,11.41,2.06,0.0123,20.85,11.0,35,2.361,-0.2662,71.97,0.476,155.783,-174.715,clastic_sedimentary,conglomerate,"Crab Orchard Mountains Group, including Rockcastle Conglomerate, Vandever Formation, Newton Sandstone, Whitwell Shale, and Sewanee Conglomerate",52306,28.1,14697,FHWA_HPMS_2022,3,1,2,0,0.07587776164452906,0.2679,Moderate
96,I-40,490.1,123.3,4.9,11.41,1.88,0.0123,17.56,10.5,35,2.53,-0.2339,73.217,0.442,155.788,-179.759,clastic_sedimentary,conglomerate,"Crab Orchard Mountains Group, including Rockcastle Conglomerate, Vandever Formation, Newton Sandstone, Whitwell Shale, and Sewanee Conglomerate",45028,30.4,13688,FHWA_HPMS_2022,3,1,2,0,0.015785940509667657,0.2256,Low
97,I-40,444.8,96.4,3.83,6.44,1.33,-0.002,13.39,10.5,35,2.506,-0.2221,75.439,0.478,159.321,-185.59,clastic_sedimentary,conglomerate,"Crab Orchard Mountains Group, including Rockcastle Conglomerate, Vandever Formation, Newton Sandstone, Whitwell Shale, and Sewanee Conglomerate",52208,25.9,13521,FHWA_HPMS_2022,3,1,2,0,0.006666666666666667,0.2131,Low
98,I-40,420.1,95.1,4.26,8.56,1.96,0.001,14.52,10.5,35,2.584,-0.2376,77.484,0.465,160.588,-184.401,clastic_sedimentary,shale,"Crooked Fork Group, including Wartburg Sandstone, Glenmary Shale, Coalfield Sandstone, Burnt Mill Shale, Crossville Sandstone, Dorton Shale",52065,25.4,13224,FHWA_HPMS_2022,3,1,2,0,0.006666666666666667,0.2187,Low
99,I-40,395.5,106.4,5.46,8.73,2.08,-0.0015,18.99,10.5,35,2.475,-0.2557,77.973,0.41,161.241,-180.987,clastic_sedimentary,shale,"Crooked Fork Group, including Wartburg Sandstone, Glenmary Shale, Coalfield Sandstone, Burnt Mill Shale, Crossville Sandstone, Dorton Shale",51020,27.9,14234,FHWA_HPMS_2022,3,1,2,0,0.08321407443452833,0.2594,Moderate
100,I-40,361.3,130.6,7.01,17.05,3.79,-0.0027,24.37,10.5,35,2.754,-0.1869,78.889,0.382,164.337,-188.634,clastic_sedimentary,shale,"Crooked Fork Group, including Wartburg Sandstone, Glenmary Shale, Coalfield Sandstone, Burnt Mill Shale, Crossville Sandstone, Dorton Shale",50042,28.6,14312,FHWA_HPMS_2022,3,1,2,1,0.7448443057279065,0.5103,High
101,I-40,339.0,106.6,7.34,17.05,3.87,0.007,24.62,10.7,35,2.875,-0.2033,78.985,0.405,165.257,-193.905,clastic_sedimentary,shale,"Crooked Fork Group, including Wartburg Sandstone, Glenmary Shale, Coalfield Sandstone, Burnt Mill Shale, Crossville Sandstone, Dorton Shale",45225,28.0,12663,FHWA_HPMS_2022,3,1,2,0,0.22225560338082967,0.3214,Moderate
102,I-40,335.8,108.5,6.46,16.08,3.13,0.0177,22.23,10.4,35,2.678,-0.2447,79.166,0.456,166.484,-190.575,clastic_sedimentary,shale,"Crooked Fork Group, including Wartburg Sandstone, Glenmary Shale, Coalfield Sandstone, Burnt Mill Shale, Crossville Sandstone, Dorton Shale",49283,24.9,12271,FHWA_HPMS_2022,3,1,2,0,0.09130480935935022,0.2701,Moderate
103,I-40,352.2,141.4,7.34,13.43,2.83,-0.0004,24.48,10.4,35,2.468,-0.2227,79.629,0.495,165.102,-187.808,clastic_sedimentary,shale,"Crooked Fork Group, including Wartburg Sandstone, Glenmary Shale, Coalfield Sandstone, Burnt Mill Shale, Crossville Sandstone, Dorton Shale",49601,27.9,13838,FHWA_HPMS_2022,3,1,2,0,0.24292368227706457,0.335,Moderate
104,I-40,401.8,139.3,6.1,13.35,3.53,0.0087,22.56,11.0,35,2.433,-0.2721,78.946,0.5,159.376,-184.905,clastic_sedimentary,shale,"Crooked Fork Group, including Wartburg Sandstone, Glenmary Shale, Coalfield Sandstone, Burnt Mill Shale, Crossville Sandstone, Dorton Shale",47726,26.0,12408,FHWA_HPMS_2022,3,1,2,0,0.12042629866724383,0.2803,Moderate
105,I-40,411.9,128.9,6.71,15.14,4.17,0.0297,24.48,11.0,35,2.858,-0.3014,78.706,0.442,157.661,-179.711,clastic_sedimentary,shale,"Crooked Fork Group, including Wartburg Sandstone, Glenmary Shale, Coalfield Sandstone, Burnt Mill Shale, Crossville Sandstone, Dorton Shale",50341,29.0,14598,FHWA_HPMS_2022,3,1,2,1,0.766173108486341,0.5232,High
106,I-40,354.4,202.3,8.89,18.88,4.11,0.0096,31.09,10.8,35,3.015,-0.2004,80.261,0.412,162.057,-177.895,clastic_sedimentary,shale,"Crooked Fork Group, including Wartburg Sandstone, Glenmary Shale, Coalfield Sandstone, Burnt Mill Shale, Crossville Sandstone, Dorton Shale",52648,28.5,15004,FHWA_HPMS_2022,3,1,2,1,0.9344951212553995,0.6147,High
107,I-40,301.8,177.6,9.12,18.88,3.67,-0.0022,31.45,10.8,35,2.88,-0.1834,81.644,0.444,169.265,-176.734,clastic_sedimentary,shale,"Crooked Fork Group, including Wartburg Sandstone, Glenmary Shale, Coalfield Sandstone, Burnt Mill Shale, Crossville Sandstone, Dorton Shale",58695,26.6,15612,FHWA_HPMS_2022,3,1,2,1,0.9239766045383743,0.6125,High
108,I-40,296.4,134.1,8.01,16.12,3.38,-0.0148,27.14,10.8,35,3.091,-0.2888,82.329,0.464,174.992,-179.312,clastic_sedimentary,shale,"Crooked Fork Group, including Wartburg Sandstone, Glenmary Shale, Coalfield Sandstone, Burnt Mill Shale, Crossville Sandstone, Dorton Shale",51712,27.2,14065,FHWA_HPMS_2022,3,1,0,1,0.8788599858556836,0.5783,High
109,I-40,313.8,96.5,6.55,14.47,2.89,0.018,21.49,10.8,35,3.083,-0.2252,81.788,0.44,175.439,-175.607,clastic_sedimentary,shale,"Crooked Fork Group, including Wartburg Sandstone, Glenmary Shale, Coalfield Sandstone, Burnt Mill Shale, Crossville Sandstone, Dorton Shale",52050,26.4,13741,FHWA_HPMS_2022,3,1,2,0,0.2092915003363092,0.3198,Moderate
110,I-40,323.9,75.1,4.43,10.31,2.3,0.0074,15.77,10.5,35,2.362,-0.0923,80.313,0.449,173.792,-165.888,clastic_sedimentary,shale,"Crooked Fork Group, including Wartburg Sandstone, Glenmary Shale, Coalfield Sandstone, Burnt Mill Shale, Crossville Sandstone, Dorton Shale",50696,27.9,14144,FHWA_HPMS_2022,3,1,2,0,0.05612113294541349,0.2271,Low
111,I-40,335.0,60.5,3.69,8.66,1.89,-0.0072,13.91,10.7,35,1.935,-0.1052,78.6,0.494,167.826,-154.594,clastic_sedimentary,conglomerate,"Crab Orchard Mountains Group, including Rockcastle Conglomerate, Vandever Formation, Newton Sandstone, Whitwell Shale, and Sewanee Conglomerate",43171,29.4,12692,FHWA_HPMS_2022,3,1,2,0,0.02,0.191,Low
112,I-40,352.2,80.3,5.09,11.62,2.38,-0.0108,17.42,10.8,35,2.932,-0.1971,76.609,0.493,156.194,-144.656,clastic_sedimentary,sandstone,"Gizzard Group, including Signal Point Shale, Warren Point Sandstone, and Raccoon Mountain Formation",50891,26.5,13486,FHWA_HPMS_2022,3,1,2,0,0.023290813804014637,0.2322,Low
113,I-40,361.3,173.7,9.0,22.91,5.48,-0.0327,32.05,10.5,35,3.567,-0.2266,76.763,0.454,155.274,-141.99,clastic_sedimentary,shale,Pennington Formation,51245,28.8,14758,FHWA_HPMS_2022,3,1,2,1,0.855655249206225,0.59,High
114,I-40,378.4,258.6,13.98,25.96,6.33,-0.003,49.25,10.7,35,3.52,-0.291,77.53,0.406,160.943,-153.636,clastic_sedimentary,shale,Pennington Formation,61050,27.2,16605,FHWA_HPMS_2022,3,1,2,1,0.9832552225249772,0.7094,High
115,I-40,364.3,254.6,14.75,25.96,6.68,0.0299,52.61,10.7,35,3.27,-0.2995,77.027,0.393,163.286,-160.425,clastic_sedimentary,shale,Pennington Formation,50215,26.8,13457,FHWA_HPMS_2022,3,1,2,1,0.9966666666666667,0.7042,High
116,I-40,296.3,236.9,9.69,24.39,7.03,-0.0088,35.97,10.5,35,3.406,-0.2412,77.312,0.486,168.411,-164.337,clastic_sedimentary,shale,Pennington Formation,52230,27.8,14519,FHWA_HPMS_2022,3,1,0,1,0.9612479100193083,0.6447,High
117,I-40,253.5,100.2,6.25,19.96,4.23,-0.0247,24.1,10.7,35,3.867,-0.2247,78.339,0.524,173.398,-169.763,clastic_sedimentary,shale,Pennington Formation,50858,26.4,13426,FHWA_HPMS_2022,3,1,0,1,0.7642532121641522,0.5242,High
118,I-40,257.5,93.7,6.22,15.98,3.63,-0.0146,23.43,10.7,35,4.211,-0.2195,78.483,0.522,172.584,-169.65,clastic_sedimentary,shale,Pennington Formation,46231,27.2,12574,FHWA_HPMS_2022,3,1,0,0,0.310153351363273,0.3628,Moderate
119,I-40,261.7,89.2,6.61,15.98,3.57,-0.0413,25.55,10.7,35,4.442,-0.214,79.164,0.51,167.422,-165.845,carbonate,shale,"Conasauga Group, including Maynardville Limestone, Nolichucky Shale, the Maryville, Rogersville, and Rutledge Formations, Pumpkin Valley Shale, Rome Formation, and Shady Dolomite",52388,26.2,13725,FHWA_HPMS_2022,2,0,0,1,0.8540864698992133,0.5406,High
120,I-40,260.7,91.3,6.05,19.61,3.81,-0.013,22.99,10.8,35,4.637,-0.1981,79.915,0.491,168.822,-163.889,clastic_sedimentary,shale,Rome Formation,50887,30.9,15724,FHWA_HPMS_2022,3,1,0,1,0.9180426812544825,0.5884,High
121,I-40,268.6,100.7,5.81,13.87,3.03,-0.0093,21.65,10.8,35,4.734,-0.1982,80.766,0.509,166.081,-165.47,clastic_sedimentary,shale,Rome Formation,51037,28.1,14341,FHWA_HPMS_2022,3,1,0,1,0.9082710785949447,0.5833,High
122,I-40,288.6,103.8,5.64,10.93,2.45,-0.0003,20.78,10.8,35,4.352,-0.2116,82.274,0.495,165.778,-165.627,clastic_sedimentary,shale,Rome Formation,44507,27.0,12016,FHWA_HPMS_2022,3,1,0,1,0.7211893782461505,0.5031,High
123,I-40,296.3,92.1,5.66,11.68,2.44,0.0107,19.97,10.7,35,4.616,-0.2835,82.739,0.438,167.166,-161.698,clastic_sedimentary,shale,"Nolichucky Shale, and Maryville, Rogersville, and Rutledge Formations, and Pumpkin Valley Shale",53386,28.3,15108,FHWA_HPMS_2022,3,1,0,1,0.8907260110419558,0.5792,High
124,I-40,272.4,111.4,4.05,10.17,2.52,-0.0014,15.32,10.5,35,5.337,-0.3453,82.085,0.455,168.634,-158.942,clastic_sedimentary,shale,Rome Formation,42616,27.8,11847,FHWA_HPMS_2022,3,1,0,1,0.7819012028336656,0.5287,High
125,I-40,253.1,96.6,3.78,13.91,3.05,0.0017,14.53,10.7,35,5.438,-0.3326,81.786,0.527,165.98,-160.742,clastic_sedimentary,shale,Rome Formation,50253,27.7,13920,FHWA_HPMS_2022,3,1,0,1,0.7878364550119217,0.5363,High
126,I-40,254.9,100.7,5.25,13.91,3.62,0.0102,19.07,10.7,35,4.75,-0.2703,82.569,0.537,162.501,-159.072,carbonate,shale,Rome Formation,56411,28.9,16302,FHWA_HPMS_2022,2,0,0,1,0.8809805865794024,0.5529,High
127,I-40,251.8,102.0,5.72,14.69,4.0,-0.0107,21.57,10.7,35,4.701,-0.2679,83.943,0.533,168.83,-170.908,carbonate,shale,"Knox Group, including Newala Formation, Mascot Dolomite, Kingsport Formation, Longview Dolomite, Chepultepec Dolomite, and Copper Ridge Dolomite",44196,29.1,12861,FHWA_HPMS_2022,2,0,0,1,0.9064931012412106,0.5517,High
128,I-40,276.2,131.7,6.49,15.43,3.89,0.0087,23.45,10.8,35,5.183,-0.2826,84.827,0.506,172.625,-172.724,carbonate,limestone,"Knox Group, including Newala Formation, Mascot Dolomite, Kingsport Formation, Longview Dolomite, Chepultepec Dolomite, and Copper Ridge Dolomite",45825,27.2,12464,FHWA_HPMS_2022,2,0,0,1,0.8593114940482728,0.5551,High
129,I-40,297.0,108.9,6.68,13.4,2.75,0.0218,23.1,10.8,35,4.774,-0.2585,85.026,0.414,168.293,-170.615,carbonate,limestone,"Knox Group, including Newala Formation, Mascot Dolomite, Kingsport Formation, Longview Dolomite, Chepultepec Dolomite, and Copper Ridge Dolomite",48382,27.1,13111,FHWA_HPMS_2022,2,0,0,1,0.8415542631684926,0.5421,High
130,I-40,269.0,116.5,4.06,10.77,2.25,0.0054,15.32,10.7,35,4.625,-0.2482,84.402,0.413,166.288,-170.34,carbonate,dolostone (dolomite),"Knox Group, including Newala Formation, Mascot Dolomite, Kingsport Formation, Longview Dolomite, Chepultepec Dolomite, and Copper Ridge Dolomite",46066,27.6,12714,FHWA_HPMS_2022,2,0,0,0,0.2278338057448623,0.2998,Moderate
131,I-40,246.9,52.0,3.35,14.94,2.73,-0.0217,13.64,10.4,35,4.149,-0.2292,83.713,0.473,165.971,-168.31,carbonate,limestone,"Knox Group, including Newala Formation, Mascot Dolomite, Kingsport Formation, Longview Dolomite, Chepultepec Dolomite, and Copper Ridge Dolomite",42045,24.5,10301,FHWA_HPMS_2022,2,0,0,0,0.04666666666666667,0.2048,Low
132,I-40,257.8,90.9,4.44,16.08,3.76,-0.0177,17.36,10.5,35,3.617,-0.2097,83.779,0.491,162.955,-164.614,carbonate,limestone,"Chickamauga Group, includes Upper part of Chickamauga Group (Reedsville Shale, and Unnamed limestone unit) and Middle and Lower part of Chickamauga Group (Moccasin Formation, Bays Formation, Ottosee Shale, Holston Formation, Lenoir Limestone, Athens Shale, and Sevier Shale)",48263,25.7,12403,FHWA_HPMS_2022,2,0,0,0,0.10691977203154032,0.2426,Low
133,I-40,281.3,95.6,5.57,13.66,3.02,0.0087,20.36,10.8,35,3.584,-0.1514,84.389,0.421,158.49,-159.185,carbonate,limestone,"Chickamauga Group, includes Upper part of Chickamauga Group (Reedsville Shale, and Unnamed limestone unit) and Middle and Lower part of Chickamauga Group (Moccasin Formation, Bays Formation, Ottosee Shale, Holston Formation, Lenoir Limestone, Athens Shale, and Sevier Shale)",43920,30.1,13219,FHWA_HPMS_2022,2,0,0,0,0.07560353653705555,0.237,Low
134,I-40,284.3,83.9,4.67,12.58,2.38,-0.001,17.45,10.7,35,4.295,-0.1969,83.318,0.398,153.899,-155.779,carbonate,shale,"Chickamauga Group, includes Upper part of Chickamauga Group (Reedsville Shale, and Unnamed limestone unit) and Middle and Lower part of Chickamauga Group (Moccasin Formation, Bays Formation, Ottosee Shale, Holston Formation, Lenoir Limestone, Athens Shale, and Sevier Shale)",49818,30.5,15194,FHWA_HPMS_2022,2,0,0,0,0.09641428866980283,0.2539,Moderate
135,I-40,283.5,83.9,4.15,10.18,2.15,0.0024,15.23,10.8,35,5.215,-0.3378,82.075,0.444,151.171,-152.118,carbonate,shale,"Nolichucky Shale, and Maryville, Rogersville, and Rutledge Formations, and Pumpkin Valley Shale",44469,27.6,12273,FHWA_HPMS_2022,2,0,0,0,0.18618729096989967,0.2896,Moderate
136,I-40,299.0,105.0,4.84,10.18,2.39,0.0172,17.29,11.1,35,5.611,-0.3666,82.728,0.42,167.68,-149.708,carbonate,shale,"Nolichucky Shale, and Maryville, Rogersville, and Rutledge Formations, and Pumpkin Valley Shale",53951,28.9,15591,FHWA_HPMS_2022,2,0,0,1,0.8895773726535746,0.5658,High
137,I-40,296.7,101.6,4.81,11.37,2.87,0.0081,18.03,10.7,35,5.502,-0.3639,83.581,0.452,177.478,-147.598,carbonate,shale,"Nolichucky Shale, and Maryville, Rogersville, and Rutledge Formations, and Pumpkin Valley Shale",44992,28.5,12822,FHWA_HPMS_2022,2,0,0,1,0.928159123214388,0.5663,High
138,I-40,302.1,74.6,4.53,11.37,2.74,-0.002,16.67,10.3,35,5.378,-0.4006,84.1,0.492,180.356,-150.917,carbonate,shale,"Nolichucky Shale, and Maryville, Rogersville, and Rutledge Formations, and Pumpkin Valley Shale",46763,32.6,15244,FHWA_HPMS_2022,2,0,2,1,0.9020278021072285,0.5551,High
139,I-40,312.0,74.9,4.9,10.57,2.38,0.0082,17.48,10.5,35,4.976,-0.3768,84.088,0.404,175.892,-158.48,carbonate,limestone,"Nolichucky Shale, and Maryville, Rogersville, and Rutledge Formations, and Pumpkin Valley Shale",51123,29.7,15183,FHWA_HPMS_2022,2,0,2,1,0.8583596318579297,0.5395,High
140,I-40,296.8,99.8,5.23,10.86,2.41,0.0024,18.59,10.5,35,3.657,-0.245,83.22,0.386,159.45,-165.852,carbonate,limestone,"Nolichucky Shale, and Maryville, Rogersville, and Rutledge Formations, and Pumpkin Valley Shale",43273,27.8,12029,FHWA_HPMS_2022,2,0,0,0,0.09421594577125844,0.2426,Low
141,I-40,278.7,97.8,5.62,13.97,3.27,0.0196,20.76,10.7,35,2.656,-0.1752,83.675,0.422,147.41,-170.116,carbonate,shale,"Nolichucky Shale, and Maryville, Rogersville, and Rutledge Formations, and Pumpkin Valley Shale",48873,26.6,13000,FHWA_HPMS_2022,2,0,0,0,0.05339915694182968,0.2216,Low
142,I-40,276.5,99.5,6.14,13.97,3.8,0.0088,22.66,11.0,35,2.978,-0.1361,84.48,0.409,153.834,-167.854,carbonate,shale,"Nolichucky Shale, and Maryville, Rogersville, and Rutledge Formations, and Pumpkin Valley Shale",53019,25.6,13572,FHWA_HPMS_2022,2,0,0,0,0.06322499370118417,0.2379,Low
143,I-40,266.7,99.5,4.71,12.38,3.73,0.0036,16.43,21.6,35,3.412,-0.1656,85.616,0.366,164.589,-168.603,carbonate,limestone,"Nolichucky Shale, and Maryville, Rogersville, and Rutledge Formations, and Pumpkin Valley Shale",37470,28.3,10604,FHWA_HPMS_2022,2,0,0,0,0.04,0.2051,Low
144,I-40,248.8,31.3,2.36,7.87,1.72,-0.0082,9.88,43.2,35,3.366,-0.2746,85.568,0.341,165.472,-169.837,carbonate,limestone,"Nolichucky Shale, and Maryville, Rogersville, and Rutledge Formations, and Pumpkin Valley Shale",43635,26.9,11737,FHWA_HPMS_2022,2,0,0,0,0.013333333333333334,0.1753,Low
145,I-40,254.3,46.5,3.28,7.71,1.86,-0.0023,11.67,34.7,35,3.132,-0.295,85.477,0.351,170.696,-166.665,carbonate,shale,"Nolichucky Shale, and Maryville, Rogersville, and Rutledge Formations, and Pumpkin Valley Shale",43893,25.9,11368,FHWA_HPMS_2022,2,0,0,0,0.03666666666666667,0.1902,Low
146,I-40,262.8,60.1,4.3,7.71,1.58,0.0011,14.73,18.7,35,2.748,-0.1458,86.743,0.418,180.897,-165.28,carbonate,dolostone (dolomite),"Nolichucky Shale, and Maryville, Rogersville, and Rutledge Formations, and Pumpkin Valley Shale",45689,27.0,12336,FHWA_HPMS_2022,2,0,0,0,0.0329976580796253,0.1917,Low
147,I-40,258.5,57.5,3.45,7.37,1.65,0.0032,13.49,21.3,35,2.951,-0.1138,87.511,0.438,181.869,-164.198,carbonate,dolostone (dolomite),"Nolichucky Shale, and Maryville, Rogersville, and Rutledge Formations, and Pumpkin Valley Shale",38744,26.4,10228,FHWA_HPMS_2022,2,0,0,0,0.013333333333333334,0.171,Low
148,I-40,258.2,64.4,4.17,13.68,2.56,-0.0128,15.35,18.7,35,4.005,-0.1837,86.977,0.377,178.362,-163.993,carbonate,dolostone (dolomite),"Unnamed (upper part of Knox Group), including Newala Formation, Mascot Dolomite, Kingsport Formation, Longview Dolomite, and Chepultepec Dolomite",38457,30.5,11729,FHWA_HPMS_2022,2,0,0,0,0.06319042871385842,0.2158,Low
149,I-40,272.6,76.3,5.18,13.68,2.86,-0.0139,18.32,10.7,32,-3.318,-1.7847,85.94,0.407,169.261,-162.57,carbonate,dolostone (dolomite),"Unnamed (upper part of Knox Group), including Newala Formation, Mascot Dolomite, Kingsport Formation, Longview Dolomite, and Chepultepec Dolomite",44795,29.3,13124,FHWA_HPMS_2022,2,0,0,1,0.7212447838764586,0.526,High
150,I-40,289.8,75.5,4.05,11.59,2.47,0.0065,14.52,10.8,1,,,,,,,carbonate,dolostone (dolomite),"Unnamed (upper part of Knox Group), including Newala Formation, Mascot Dolomite, Kingsport Formation, Longview Dolomite, and Chepultepec Dolomite",44021,28.0,12325,FHWA_HPMS_2022,2,0,0,0,0.0,0.0944,Low
151,I-40,301.7,64.4,2.89,7.92,1.53,0.0072,10.65,10.8,0,,,,,,,carbonate,dolostone (dolomite),"Unnamed (upper part of Knox Group), including Newala Formation, Mascot Dolomite, Kingsport Formation, Longview Dolomite, and Chepultepec Dolomite",43861,30.2,13246,FHWA_HPMS_2022,2,0,2,0,0.0,0.0831,Low
152,I-40,304.3,43.9,2.4,5.92,1.26,-0.0062,9.74,10.7,0,,,,,,,carbonate,dolostone (dolomite),"Unnamed (upper part of Knox Group), including Newala Formation, Mascot Dolomite, Kingsport Formation, Longview Dolomite, and Chepultepec Dolomite",44191,28.1,12417,FHWA_HPMS_2022,2,0,2,0,0.0,0.0749,Low
153,I-40,315.6,106.4,3.83,11.71,2.96,-0.0094,14.02,10.8,0,,,,,,,carbonate,dolostone (dolomite),"Unnamed (upper part of Knox Group), including Newala Formation, Mascot Dolomite, Kingsport Formation, Longview Dolomite, and Chepultepec Dolomite",40660,26.7,10856,FHWA_HPMS_2022,2,0,2,0,0.0,0.0925,Low
154,I-40,336.6,99.9,4.71,11.71,2.62,0.0116,16.35,10.7,0,,,,,,,carbonate,shale,"Nolichucky Shale, and Maryville, Rogersville, and Rutledge Formations, and Pumpkin Valley Shale",43798,30.3,13270,FHWA_HPMS_2022,2,0,2,0,0.0,0.1054,Low
155,I-40,338.8,59.6,3.78,7.77,1.73,-0.0031,13.67,11.1,0,,,,,,,carbonate,dolostone (dolomite),Copper Ridge Dolomite,44008,28.8,12674,FHWA_HPMS_2022,2,0,2,0,0.0,0.0898,Low
156,I-40,322.0,74.9,2.67,7.4,1.8,-0.0049,10.58,11.0,0,,,,,,,carbonate,dolostone (dolomite),"Unnamed (upper part of Knox Group), including Newala Formation, Mascot Dolomite, Kingsport Formation, Longview Dolomite, and Chepultepec Dolomite",40542,26.4,10703,FHWA_HPMS_2022,2,0,2,0,0.0,0.0766,Low
157,I-40,312.1,50.3,2.73,8.18,1.88,-0.0161,10.37,10.7,0,,,,,,,carbonate,dolostone (dolomite),"Unnamed (upper part of Knox Group), including Newala Formation, Mascot Dolomite, Kingsport Formation, Longview Dolomite, and Chepultepec Dolomite",49418,27.7,13688,FHWA_HPMS_2022,2,0,2,0,0.006666666666666667,0.0872,Low
158,I-40,325.4,62.6,3.79,11.29,2.34,0.0129,12.32,10.5,0,,,,,,,carbonate,dolostone (dolomite),"Unnamed (upper part of Knox Group), including Newala Formation, Mascot Dolomite, Kingsport Formation, Longview Dolomite, and Chepultepec Dolomite",44629,26.7,11915,FHWA_HPMS_2022,2,0,2,0,0.0,0.0881,Low
159,I-40,333.7,49.7,3.46,11.29,1.9,0.0165,11.03,10.5,0,,,,,,,carbonate,dolostone (dolomite),"Unnamed (upper part of Knox Group), including Newala Formation, Mascot Dolomite, Kingsport Formation, Longview Dolomite, and Chepultepec Dolomite",38901,25.9,10075,FHWA_HPMS_2022,2,0,2,0,0.006666666666666667,0.0773,Low
160,I-40,324.9,59.2,2.6,6.46,1.03,0.0112,8.77,10.5,0,,,,,,,carbonate,dolostone (dolomite),"Unnamed (upper part of Knox Group), including Newala Formation, Mascot Dolomite, Kingsport Formation, Longview Dolomite, and Chepultepec Dolomite",45258,29.4,13305,FHWA_HPMS_2022,2,0,2,0,0.0,0.0797,Low
161,I-40,310.8,50.3,2.0,3.88,0.88,0.0029,7.43,10.7,0,,,,,,,carbonate,dolostone (dolomite),"Unnamed (upper part of Knox Group), including Newala Formation, Mascot Dolomite, Kingsport Formation, Longview Dolomite, and Chepultepec Dolomite",39647,30.9,12250,FHWA_HPMS_2022,2,0,2,0,0.0,0.0671,Low
162,I-40,302.5,32.4,1.7,3.52,0.85,-0.0005,6.41,11.0,0,,,,,,,carbonate,dolostone (dolomite),"Unnamed (upper part of Knox Group), including Newala Formation, Mascot Dolomite, Kingsport Formation, Longview Dolomite, and Chepultepec Dolomite",45707,25.9,11838,FHWA_HPMS_2022,2,0,2,0,0.0,0.0656,Low
163,I-40,298.7,28.3,1.72,3.52,0.8,0.0034,6.29,11.0,0,,,,,,,carbonate,dolostone (dolomite),"Unnamed (upper part of Knox Group), including Newala Formation, Mascot Dolomite, Kingsport Formation, Longview Dolomite, and Chepultepec Dolomite",46985,28.8,13531,FHWA_HPMS_2022,2,0,0,0,0.0,0.0687,Low
164,I-40,294.2,34.1,2.25,4.54,1.09,0.0012,7.4,10.7,0,,,,,,,carbonate,shale,"Unnamed (upper part of Knox Group), including Newala Formation, Mascot Dolomite, Kingsport Formation, Longview Dolomite, and Chepultepec Dolomite",40176,27.0,10847,FHWA_HPMS_2022,2,0,0,0,0.0,0.0639,Low
165,I-40,296.5,41.9,2.64,4.57,1.11,0.0063,8.54,10.7,0,,,,,,,carbonate,shale,Nolichucky Shale,46314,27.3,12643,FHWA_HPMS_2022,2,0,0,0,0.0,0.0766,Low
166,I-40,302.1,36.7,2.36,4.57,1.08,-0.0008,8.03,10.8,0,,,,,,,carbonate,shale,Nolichucky Shale,42353,27.1,11477,FHWA_HPMS_2022,2,0,2,0,0.0,0.0685,Low
167,I-40,305.0,34.8,2.37,4.96,1.19,-0.0002,7.97,10.7,0,,,,,,,carbonate,dolostone (dolomite),"Unnamed (upper part of Knox Group), including Newala Formation, Mascot Dolomite, Kingsport Formation, Longview Dolomite, and Chepultepec Dolomite",43696,26.7,11666,FHWA_HPMS_2022,2,0,2,0,0.0,0.0695,Low
168,I-40,301.2,44.1,2.48,5.66,1.23,-0.0044,8.28,10.8,0,,,,,,,carbonate,dolostone (dolomite),"Unnamed (upper part of Knox Group), including Newala Formation, Mascot Dolomite, Kingsport Formation, Longview Dolomite, and Chepultepec Dolomite",47221,28.1,13269,FHWA_HPMS_2022,2,0,2,0,0.0,0.0775,Low
169,I-40,292.1,50.1,2.72,5.86,1.35,-0.0034,9.2,10.8,0,,,,,,,carbonate,limestone,"Unnamed (upper part of Knox Group), including Newala Formation, Mascot Dolomite, Kingsport Formation, Longview Dolomite, and Chepultepec Dolomite",40195,26.8,10772,FHWA_HPMS_2022,2,0,0,0,0.0,0.0711,Low
170,I-40,283.5,47.4,3.0,7.05,1.64,0.0084,9.79,10.7,0,,,,,,,carbonate,limestone,Copper Ridge Dolomite,38527,28.4,10941,FHWA_HPMS_2022,2,0,0,0,0.0,0.0717,Low
171,I-40,276.9,58.5,2.86,8.67,1.89,0.0101,10.24,10.8,0,,,,,,,carbonate,dolostone (dolomite),Lenoir Limestone,38082,27.9,10624,FHWA_HPMS_2022,2,0,0,0,0.0,0.0724,Low
172,I-40,272.8,70.7,3.66,10.32,2.46,0.0031,12.9,10.7,0,,,,,,,carbonate,limestone,Lenoir Limestone,38324,27.6,10577,FHWA_HPMS_2022,2,0,0,0,0.0,0.082,Low
173,I-40,268.3,70.7,4.16,10.32,2.4,0.0112,13.88,14.7,0,,,,,,,carbonate,limestone,Lenoir Limestone,40747,26.6,10838,FHWA_HPMS_2022,2,0,0,0,0.0,0.0883,Low
174,I-40,258.3,52.1,3.26,9.55,2.01,-0.0043,11.84,21.3,0,,,,,,,carbonate,limestone,Lenoir Limestone,42118,27.1,11413,FHWA_HPMS_2022,2,0,0,0,0.0,0.08,Low
175,I-40,260.4,59.8,4.04,11.57,2.82,-0.0041,14.18,23.3,0,,,,,,,carbonate,dolostone (dolomite),Copper Ridge Dolomite,41907,29.1,12194,FHWA_HPMS_2022,2,0,0,0,0.0,0.0894,Low
176,I-40,265.6,70.8,5.16,12.47,3.26,-0.0084,17.73,16.7,0,,,,,,,carbonate,limestone,"Unnamed (upper part of Knox Group), including Newala Formation, Mascot Dolomite, Kingsport Formation, Longview Dolomite, and Chepultepec Dolomite",43713,28.8,12589,FHWA_HPMS_2022,2,0,0,0,0.0,0.1036,Low
177,I-40,274.5,79.1,5.26,12.47,3.0,0.0043,18.85,10.5,0,,,,,,,carbonate,limestone,"Unnamed (upper part of Knox Group), including Newala Formation, Mascot Dolomite, Kingsport Formation, Longview Dolomite, and Chepultepec Dolomite",41042,26.5,10876,FHWA_HPMS_2022,2,0,0,0,0.0012439261418853256,0.1022,Low
178,I-40,279.7,75.1,3.56,8.05,2.07,0.0007,13.88,10.5,0,,,,,,,carbonate,limestone,"Unnamed (upper part of Knox Group), including Newala Formation, Mascot Dolomite, Kingsport Formation, Longview Dolomite, and Chepultepec Dolomite",45767,28.1,12860,FHWA_HPMS_2022,2,0,0,0,0.0,0.0932,Low
179,I-40,279.9,55.7,2.28,7.68,1.71,-0.0058,8.74,10.8,0,,,,,,,carbonate,limestone,Lenoir Limestone,40131,29.1,11678,FHWA_HPMS_2022,2,0,0,0,0.0,0.0705,Low
180,I-40,282.8,55.5,2.12,6.52,1.31,0.0022,8.04,10.7,0,,,,,,,carbonate,limestone,Holston Formation,49922,25.5,12730,FHWA_HPMS_2022,2,0,0,0,0.0033333333333333335,0.0797,Low
181,I-40,296.5,72.8,3.57,8.26,1.75,0.019,12.36,10.8,0,,,,,,,carbonate,limestone,Holston Formation,43052,28.8,12398,FHWA_HPMS_2022,2,0,0,0,0.013333333333333334,0.0928,Low
182,I-40,297.9,69.3,3.77,8.72,2.04,0.0013,13.16,10.7,0,,,,,,,carbonate,limestone,Ottosee Shale,38188,27.0,10310,FHWA_HPMS_2022,2,0,0,0,0.0,0.0821,Low
183,I-40,289.9,53.3,2.3,8.72,1.85,-0.0083,8.52,10.8,0,,,,,,,carbonate,limestone,Ottosee Shale,37487,28.9,10833,FHWA_HPMS_2022,2,0,0,0,0.0,0.0664,Low
184,I-40,289.1,17.1,1.32,3.24,0.64,0.0001,5.01,10.4,0,,,,,,,carbonate,limestone,Holston Formation,42582,26.9,11454,FHWA_HPMS_2022,2,0,0,0,0.0,0.0562,Low
185,I-40,294.1,37.3,1.69,8.99,1.23,-0.0055,7.36,10.5,0,,,,,,,carbonate,limestone,Holston Formation,40267,25.3,10187,FHWA_HPMS_2022,2,0,0,0,0.0,0.0603,Low
186,I-40,310.8,83.5,3.78,11.83,3.03,-0.0045,14.12,11.0,0,,,,,,,carbonate,limestone,Holston Formation,43341,25.6,11095,FHWA_HPMS_2022,2,0,2,0,0.0,0.0912,Low
187,I-40,318.2,80.7,4.7,11.83,2.7,0.0122,17.25,10.8,0,,,,,,,carbonate,limestone,Ottosee Shale,42552,28.1,11957,FHWA_HPMS_2022,2,0,2,0,0.0,0.1001,Low
188,I-40,303.7,98.0,3.71,9.97,2.23,0.0058,13.11,10.8,0,,,,,,,carbonate,limestone,Ottosee Shale,40761,28.4,11576,FHWA_HPMS_2022,2,0,2,0,0.0,0.0906,Low
189,I-40,290.5,57.1,2.14,6.0,1.09,-0.0023,8.12,10.5,0,,,,,,,carbonate,limestone,Ottosee Shale,38222,26.6,10167,FHWA_HPMS_2022,2,0,0,0,0.0,0.0652,Low
190,I-40,289.7,39.2,1.85,4.4,0.83,0.0016,6.65,10.5,0,,,,,,,carbonate,shale,Ottosee Shale,78214,23.0,17989,FHWA_HPMS_2022,2,0,0,0,0.0,0.1046,Low
191,I-40,294.1,44.1,2.18,4.97,1.06,0.0094,7.93,10.7,0,,,,,,,carbonate,shale,Ottosee Shale,85820,19.5,16734,FHWA_HPMS_2022,2,0,0,0,0.0,0.1129,Low
192,I-40,297.2,40.5,2.26,4.78,0.9,0.0012,8.54,10.7,0,,,,,,,carbonate,shale,Ottosee Shale,95097,21.9,20826,FHWA_HPMS_2022,2,0,0,0,0.0,0.1278,Low
193,I-40,299.2,84.1,3.41,11.23,2.94,0.0077,12.33,10.5,0,,,,,,,carbonate,limestone,Ottosee Shale,90524,20.2,18285,FHWA_HPMS_2022,2,0,0,0,0.0,0.1377,Low
194,I-40,301.1,85.3,4.64,12.83,3.66,0.0047,16.24,10.7,0,,,,,,,carbonate,limestone,Ottosee Shale,80130,21.0,16827,FHWA_HPMS_2022,2,0,2,0,0.0,0.1382,Low
195,I-40,309.3,88.1,4.8,12.83,3.21,0.0002,17.09,10.8,0,,,,,,,carbonate,limestone,Ottosee Shale,90233,22.1,19941,FHWA_HPMS_2022,2,0,2,0,0.0,0.1539,Low
196,I-40,339.9,125.3,5.94,14.24,3.33,-0.0097,20.72,10.5,0,,,,,,,carbonate,limestone,Ottosee Shale,91743,20.7,18990,FHWA_HPMS_2022,2,0,2,0,0.0,0.1702,Low
197,I-40,358.0,100.0,5.79,12.63,3.07,0.0228,21.08,11.0,0,,,,,,,carbonate,shale,Nolichucky Shale,82706,21.4,17699,FHWA_HPMS_2022,2,0,2,0,0.006666666666666667,0.1584,Low
198,I-40,333.1,107.4,3.67,12.63,2.78,-0.0091,14.2,10.7,0,,,,,,,carbonate,shale,Nolichucky Shale,90094,23.5,21172,FHWA_HPMS_2022,2,0,2,0,0.0,0.1495,Low
199,I-40,327.0,75.9,3.58,10.04,2.37,-0.0083,12.93,10.8,0,,,,,,,carbonate,limestone,Maynardville Limestone,89414,21.1,18866,FHWA_HPMS_2022,2,0,2,0,0.0,0.138,Low
200,I-40,331.4,77.8,4.12,8.26,1.86,-0.0032,14.46,11.0,0,,,,,,,carbonate,limestone,Nolichucky Shale,80862,23.3,18840,FHWA_HPMS_2022,2,0,2,0,0.0,0.136,Low
201,I-40,311.8,79.0,3.4,6.79,1.41,-0.0097,11.54,10.8,0,,,,,,,carbonate,limestone,Nolichucky Shale,91547,20.3,18584,FHWA_HPMS_2022,2,0,2,0,0.0,0.1372,Low
202,I-40,296.0,49.0,2.52,5.55,1.32,-0.0048,9.05,11.0,0,,,,,,,carbonate,dolostone (dolomite),Copper Ridge Dolomite,92992,22.8,21202,FHWA_HPMS_2022,2,0,0,0,0.0,0.13,Low
203,I-40,293.8,42.3,2.52,6.46,1.55,-0.0044,9.58,10.8,0,,,,,,,carbonate,limestone,"Jonesboro Limestone, Newala Formation, Mascot Dolomite, Kingsport Formation, Longview Dolomite, and Chepultepec Dolomite",96711,24.2,23404,FHWA_HPMS_2022,2,0,0,0,0.0,0.1362,Low
204,I-40,306.6,65.2,3.67,9.36,2.14,0.0006,14.38,10.8,0,,,,,,,carbonate,limestone,"Jonesboro Limestone, Newala Formation, Mascot Dolomite, Kingsport Formation, Longview Dolomite, and Chepultepec Dolomite",96503,18.3,17660,FHWA_HPMS_2022,2,0,2,0,0.0,0.1423,Low
205,I-40,324.1,96.8,4.79,10.18,2.42,0.0041,18.74,10.8,0,,,,,,,carbonate,limestone,"Jonesboro Limestone, Newala Formation, Mascot Dolomite, Kingsport Formation, Longview Dolomite, and Chepultepec Dolomite",79190,20.8,16471,FHWA_HPMS_2022,2,0,2,0,0.0,0.1425,Low
206,I-40,320.2,89.8,4.65,10.18,2.17,0.0004,18.29,10.7,0,,,,,,,other,other,other,82322,22.9,18851,FHWA_HPMS_2022,1,3,2,0,0.0,0.1198,Low
207,I-40,312.4,96.4,4.72,9.65,1.98,0.0057,18.63,10.8,0,,,,,,,other,other,other,92667,21.7,20108,FHWA_HPMS_2022,1,3,2,0,0.0,0.1323,Low
208,I-40,320.4,96.4,4.83,10.56,2.27,0.0097,19.91,10.8,0,,,,,,,other,other,other,92658,22.6,20940,FHWA_HPMS_2022,1,3,2,0,0.0033333333333333335,0.1369,Low
209,I-40,325.4,84.9,4.2,10.56,2.07,0.0106,17.32,10.8,0,,,,,,,other,other,other,92667,21.1,19552,FHWA_HPMS_2022,1,3,2,0,0.0033333333333333335,0.1263,Low
210,I-40,311.5,75.8,3.99,10.46,2.09,0.0068,15.57,10.7,0,,,,,,,other,other,other,116431,22.1,25731,FHWA_HPMS_2022,1,3,2,0,0.0,0.1501,Low
211,I-40,299.7,62.9,3.33,7.29,1.56,0.003,13.36,10.7,0,,,,,,,other,other,other,93064,21.8,20287,FHWA_HPMS_2022,1,3,0,0,0.0,0.1137,Low
212,I-40,304.7,72.5,3.2,6.56,1.55,-0.0077,12.26,10.4,0,,,,,,,other,other,other,97085,23.8,23106,FHWA_HPMS_2022,1,3,2,0,0.0,0.1211,Low
213,I-40,315.0,60.7,3.2,6.64,1.61,0.005,12.33,10.7,0,,,,,,,other,other,other,102250,22.4,22904,FHWA_HPMS_2022,1,3,2,0,0.0,0.1232,Low
214,I-40,314.1,73.2,3.2,6.7,1.48,0.0057,13.08,10.8,0,,,,,,,other,other,other,99950,22.5,22488,FHWA_HPMS_2022,1,3,2,0,0.0,0.1236,Low
215,I-40,303.1,75.6,2.94,6.7,1.36,-0.0014,12.13,10.8,0,,,,,,,other,other,other,92603,21.4,19817,FHWA_HPMS_2022,1,3,2,0,0.0,0.111,Low
216,I-40,293.6,63.2,3.24,12.81,2.5,-0.0137,13.47,10.7,0,,,,,,,other,other,other,100768,21.3,21463,FHWA_HPMS_2022,1,3,0,0,0.0033333333333333335,0.1228,Low
217,I-40,303.3,80.7,4.26,12.81,2.76,-0.0161,18.02,10.5,0,,,,,,,other,other,other,89126,21.4,19072,FHWA_HPMS_2022,1,3,2,0,0.0,0.1219,Low
218,I-40,313.5,80.7,4.89,9.73,2.27,0.0041,19.49,10.7,0,,,,,,,other,other,other,93200,22.6,21063,FHWA_HPMS_2022,1,3,2,0,0.0,0.1336,Low
219,I-40,312.1,69.5,4.4,9.5,2.27,0.0122,16.8,10.4,0,,,,,,,other,other,other,91311,21.4,19540,FHWA_HPMS_2022,1,3,2,0,0.0,0.1219,Low
220,I-40,296.1,73.3,2.73,8.42,1.93,-0.0051,10.77,10.5,0,,,,,,,other,other,other,95622,22.4,21419,FHWA_HPMS_2022,1,3,0,0,0.0,0.113,Low
221,I-40,282.7,35.2,1.64,6.42,1.06,-0.0069,6.54,10.7,0,,,,,,,other,other,other,112591,25.1,28260,FHWA_HPMS_2022,1,3,0,0,0.0,0.121,Low
222,I-40,284.0,56.7,2.12,7.61,1.67,-0.0012,8.19,10.8,0,,,,,,,other,other,other,80808,23.3,18828,FHWA_HPMS_2022,1,3,0,0,0.0,0.0876,Low
223,I-40,292.2,52.8,2.99,7.61,1.66,0.0035,10.85,10.8,0,,,,,,,other,other,other,100215,21.5,21546,FHWA_HPMS_2022,1,3,0,0,0.0,0.1152,Low
224,I-40,293.5,39.3,2.42,5.98,1.4,-0.0022,8.66,10.8,0,,,,,,,carbonate,dolostone (dolomite),"Newala Formation, including Mascot Dolomite and Kingsport Formation",82743,23.8,19692,FHWA_HPMS_2022,2,0,0,0,0.0,0.1166,Low
225,I-40,299.5,36.6,1.71,3.53,0.8,0.0032,6.13,10.7,0,,,,,,,carbonate,dolostone (dolomite),Chepultepec Dolomite,91413,21.4,19562,FHWA_HPMS_2022,2,0,0,0,0.0,0.1162,Low
226,I-40,306.8,30.3,1.89,4.05,0.86,0.001,6.49,10.7,0,,,,,,,carbonate,dolostone (dolomite),Chepultepec Dolomite,103276,18.9,19519,FHWA_HPMS_2022,2,0,2,0,0.0,0.1263,Low
227,I-40,312.8,33.8,2.0,4.05,0.87,-0.0022,6.92,10.7,0,,,,,,,carbonate,dolostone (dolomite),Chepultepec Dolomite,95488,20.5,19575,FHWA_HPMS_2022,2,0,2,0,0.0,0.1216,Low
228,I-40,317.5,47.5,2.59,7.96,1.61,0.0061,8.63,10.5,0,,,,,,,carbonate,dolostone (dolomite),Chepultepec Dolomite,86809,19.2,16667,FHWA_HPMS_2022,2,0,2,0,0.0,0.1172,Low
229,I-40,308.1,55.2,2.95,7.96,1.73,0.0023,10.22,10.7,0,,,,,,,carbonate,dolostone (dolomite),Chepultepec Dolomite,89563,21.5,19256,FHWA_HPMS_2022,2,0,2,0,0.0,0.1288,Low
230,I-40,307.6,43.6,2.25,7.96,1.54,-0.0021,8.09,11.0,0,,,,,,,carbonate,dolostone (dolomite),Chepultepec Dolomite,100164,22.0,22036,FHWA_HPMS_2022,2,0,2,0,0.0,0.1338,Low
231,I-40,322.1,33.4,1.44,3.74,0.75,0.003,5.56,10.5,0,,,,,,,carbonate,dolostone (dolomite),Longview Dolomite,89449,24.5,21915,FHWA_HPMS_2022,2,0,2,0,0.0,0.1158,Low
232,I-40,321.1,43.4,2.21,5.12,1.31,-0.0018,8.56,10.5,0,,,,,,,carbonate,dolostone (dolomite),"Newala Formation, including Mascot Dolomite and Kingsport Formation",96645,22.5,21745,FHWA_HPMS_2022,2,0,2,0,0.0,0.1308,Low
233,I-40,322.2,78.3,4.08,12.24,2.32,-0.0146,15.84,11.0,0,,,,,,,carbonate,dolostone (dolomite),"Newala Formation, including Mascot Dolomite and Kingsport Formation",95346,21.7,20690,FHWA_HPMS_2022,2,0,2,0,0.0,0.1524,Low
234,I-40,341.7,108.8,5.77,12.81,2.97,-0.0159,21.99,11.0,0,,,,,,,carbonate,dolostone (dolomite),"Newala Formation, including Mascot Dolomite and Kingsport Formation",90047,23.2,20890,FHWA_HPMS_2022,2,0,2,0,0.0,0.1697,Low
235,I-40,359.1,105.8,5.73,14.35,2.91,-0.0183,21.48,10.7,0,,,,,,,carbonate,shale,"Walden Creek Group, including Sandsuck Formation, Wilhite Formation, Shields Formation, and Licklog Formation",111293,18.7,20811,FHWA_HPMS_2022,2,0,2,0,0.0,0.1858,Low
236,I-40,363.5,109.9,6.6,16.8,3.6,0.0077,23.83,10.5,0,,,,,,,carbonate,shale,"Walden Creek Group, including Sandsuck Formation, Wilhite Formation, Shields Formation, and Licklog Formation",99817,22.4,22359,FHWA_HPMS_2022,2,0,2,0,0.0,0.187,Low
237,I-40,345.9,115.5,6.66,16.8,3.91,0.0118,24.08,10.8,0,,,,,,,carbonate,shale,"Walden Creek Group, including Sandsuck Formation, Wilhite Formation, Shields Formation, and Licklog Formation",73742,23.2,17108,FHWA_HPMS_2022,2,0,2,0,0.007910592808551992,0.1613,Low
238,I-40,326.4,87.4,5.14,13.14,3.47,-0.0042,19.98,10.7,0,,,,,,,clastic_sedimentary,shale,"Walden Creek Group, including Sandsuck Formation, Wilhite Formation, Shields Formation, and Licklog Formation",89312,19.8,17683,FHWA_HPMS_2022,3,1,2,0,0.0,0.1813,Low
239,I-40,336.3,93.2,4.86,12.85,3.15,-0.0055,18.84,10.8,0,,,,,,,clastic_sedimentary,shale,"Walden Creek Group, including Sandsuck Formation, Wilhite Formation, Shields Formation, and Licklog Formation",83341,23.7,19751,FHWA_HPMS_2022,3,1,2,0,0.0,0.1778,Low
240,I-40,364.2,142.7,6.1,17.17,3.57,0.0036,22.07,10.8,0,,,,,,,clastic_sedimentary,shale,"Walden Creek Group, including Sandsuck Formation, Wilhite Formation, Shields Formation, and Licklog Formation",94001,22.5,21150,FHWA_HPMS_2022,3,1,2,0,0.0,0.2075,Low
241,I-40,363.8,134.1,7.65,19.55,4.37,-0.0165,27.39,11.0,0,,,,,,,clastic_sedimentary,shale,"Walden Creek Group, including Sandsuck Formation, Wilhite Formation, Shields Formation, and Licklog Formation",82420,21.4,17637,FHWA_HPMS_2022,3,1,2,0,0.004577259475218659,0.2071,Low
242,I-40,381.4,206.9,10.52,23.19,5.24,0.0097,36.15,10.5,0,,,,,,,clastic_sedimentary,shale,"Walden Creek Group, including Sandsuck Formation, Wilhite Formation, Shields Formation, and Licklog Formation",87192,22.9,19966,FHWA_HPMS_2022,3,1,2,0,0.2018242998725797,0.3216,Moderate
243,I-40,438.2,246.1,12.59,23.19,5.26,0.0178,43.79,10.5,0,,,,,,,clastic_sedimentary,shale,"Walden Creek Group, including Sandsuck Formation, Wilhite Formation, Shields Formation, and Licklog Formation",91555,25.4,23254,FHWA_HPMS_2022,3,1,2,1,0.94,0.6156,High
244,I-40,487.1,209.1,14.04,22.41,4.66,0.0632,48.14,10.8,0,,,,,,,clastic_sedimentary,shale,"Walden Creek Group, including Sandsuck Formation, Wilhite Formation, Shields Formation, and Licklog Formation",94094,22.3,20982,FHWA_HPMS_2022,3,1,2,1,0.9033333333333333,0.608,High
245,I-40,473.2,193.6,11.59,21.68,4.6,0.0361,41.09,10.8,0,,,,,,,clastic_sedimentary,shale,"Walden Creek Group, including Sandsuck Formation, Wilhite Formation, Shields Formation, and Licklog Formation",79549,22.4,17818,FHWA_HPMS_2022,3,1,2,0,0.24627207036756663,0.3368,Moderate
246,I-40,449.8,135.9,8.78,19.08,4.31,0.0012,29.39,10.7,0,,,,,,,clastic_sedimentary,shale,"Walden Creek Group, including Sandsuck Formation, Wilhite Formation, Shields Formation, and Licklog Formation",85645,21.3,18242,FHWA_HPMS_2022,3,1,2,0,0.01,0.2214,Low
247,I-40,431.3,108.9,6.23,15.57,3.34,0.0206,22.25,10.7,0,,,,,,,clastic_sedimentary,shale,"Walden Creek Group, including Sandsuck Formation, Wilhite Formation, Shields Formation, and Licklog Formation",84656,20.7,17523,FHWA_HPMS_2022,3,1,2,0,0.006666666666666667,0.1916,Low
248,I-40,403.4,103.7,4.91,12.43,2.63,-0.0022,19.92,10.7,0,,,,,,,clastic_sedimentary,shale,"Walden Creek Group, including Sandsuck Formation, Wilhite Formation, Shields Formation, and Licklog Formation",58759,19.2,11281,FHWA_HPMS_2022,3,1,2,0,0.006666666666666667,0.1494,Low
249,I-40,396.9,105.6,5.44,13.39,3.26,-0.0066,21.51,10.5,0,,,,,,,clastic_sedimentary,shale,"Walden Creek Group, including Sandsuck Formation, Wilhite Formation, Shields Formation, and Licklog Formation",70756,16.7,11816,FHWA_HPMS_2022,3,1,2,0,0.0,0.1628,Low
250,I-40,399.3,101.0,5.58,13.39,3.06,-0.0217,22.04,10.7,0,,,,,,,clastic_sedimentary,shale,"Walden Creek Group, including Sandsuck Formation, Wilhite Formation, Shields Formation, and Licklog Formation",64008,18.1,11585,FHWA_HPMS_2022,3,1,2,0,0.006666666666666667,0.1599,Low
251,I-40,394.7,80.5,5.79,17.89,3.62,-0.0359,22.18,10.7,0,,,,,,,clastic_sedimentary,shale,"Walden Creek Group, including Sandsuck Formation, Wilhite Formation, Shields Formation, and Licklog Formation",55746,17.3,9644,FHWA_HPMS_2022,3,1,2,0,0.01992188919164396,0.1525,Low
252,I-40,396.9,109.8,6.04,17.89,4.0,-0.0202,22.72,10.7,0,,,,,,,clastic_sedimentary,shale,"Walden Creek Group, including Sandsuck Formation, Wilhite Formation, Shields Formation, and Licklog Formation",66552,18.7,12445,FHWA_HPMS_2022,3,1,2,0,0.0,0.1658,Low
253,I-40,416.6,143.4,7.48,22.23,5.11,-0.02,26.61,10.5,0,,,,,,,clastic_sedimentary,shale,"Walden Creek Group, including Sandsuck Formation, Wilhite Formation, Shields Formation, and Licklog Formation",72525,18.5,13417,FHWA_HPMS_2022,3,1,2,0,0.011243926141885326,0.1941,Low
254,I-40,442.9,168.0,8.28,22.23,5.15,-0.0004,29.74,10.8,0,,,,,,,clastic_sedimentary,shale,"Walden Creek Group, including Sandsuck Formation, Wilhite Formation, Shields Formation, and Licklog Formation",67121,19.6,13155,FHWA_HPMS_2022,3,1,2,0,0.017910592808551992,0.2036,Low
255,I-40,440.3,139.4,6.42,19.67,4.0,-0.0278,23.78,10.8,0,,,,,,,clastic_sedimentary,shale,"Walden Creek Group, including Sandsuck Formation, Wilhite Formation, Shields Formation, and Licklog Formation",54463,17.2,9367,FHWA_HPMS_2022,3,1,2,0,0.020327608705848974,0.1661,Low
256,I-40,426.4,69.9,3.97,11.5,2.39,-0.0142,14.6,10.7,0,,,,,,,clastic_sedimentary,shale,"Walden Creek Group, including Sandsuck Formation, Wilhite Formation, Shields Formation, and Licklog Formation",59598,17.6,10489,FHWA_HPMS_2022,3,1,2,0,0.0,0.1296,Low
257,I-40,412.7,57.2,3.09,13.97,2.82,-0.0056,12.37,10.8,0,,,,,,,clastic_sedimentary,shale,"Walden Creek Group, including Sandsuck Formation, Wilhite Formation, Shields Formation, and Licklog Formation",68283,16.5,11266,FHWA_HPMS_2022,3,1,2,0,0.0,0.1285,Low
258,I-40,456.3,224.7,8.1,20.23,6.12,-0.0235,31.09,10.8,0,,,,,,,clastic_sedimentary,shale,"Walden Creek Group, including Sandsuck Formation, Wilhite Formation, Shields Formation, and Licklog Formation",58489,17.3,10118,FHWA_HPMS_2022,3,1,2,0,0.05632344853944232,0.2149,Low
259,I-40,572.5,370.6,14.74,28.73,5.7,0.0263,53.55,10.8,0,,,,,,,clastic_sedimentary,shale,"Walden Creek Group, including Sandsuck Formation, Wilhite Formation, Shields Formation, and Licklog Formation",64201,18.6,11941,FHWA_HPMS_2022,3,1,2,1,0.9666666666666667,0.6275,High
260,I-40,648.3,267.7,15.49,28.73,7.0,0.0329,54.8,11.1,0,,,,,,,clastic_sedimentary,sandstone,Unicoi Formation,58408,19.1,11155,FHWA_HPMS_2022,3,1,1,1,0.9966666666666667,0.6206,High
261,I-40,662.6,287.6,13.74,31.55,6.79,0.04,48.84,10.4,0,,,,,,,clastic_sedimentary,shale,"Walden Creek Group, including Sandsuck Formation, Wilhite Formation, Shields Formation, and Licklog Formation",50921,16.6,8452,FHWA_HPMS_2022,3,1,1,1,1.0,0.598,High
262,I-40,689.9,232.6,15.41,31.55,7.27,0.0109,53.92,10.4,0,,,,,,,clastic_sedimentary,shale,"Walden Creek Group, including Sandsuck Formation, Wilhite Formation, Shields Formation, and Licklog Formation",54738,19.3,10564,FHWA_HPMS_2022,3,1,1,1,0.9932687396725252,0.6082,High
263,I-40,653.7,339.2,16.9,31.76,6.78,-0.0285,60.63,10.5,0,,,,,,,clastic_sedimentary,shale,"Walden Creek Group, including Sandsuck Formation, Wilhite Formation, Shields Formation, and Licklog Formation",40738,20.0,8147,FHWA_HPMS_2022,3,1,1,1,0.9960882432068873,0.6272,High
264,I-40,562.0,345.2,19.18,31.76,6.35,-0.0186,67.13,10.4,0,,,,,,,clastic_sedimentary,sandstone,Unicoi Formation,50492,18.6,9391,FHWA_HPMS_2022,3,1,2,1,0.9998572955308358,0.6595,High
265,I-40,488.2,301.7,19.14,34.73,7.37,-0.015,66.69,10.5,0,,,,,,,clastic_sedimentary,shale,"Walden Creek Group, including Sandsuck Formation, Wilhite Formation, Shields Formation, and Licklog Formation",53888,20.8,11208,FHWA_HPMS_2022,3,1,2,1,0.9965239621975024,0.6563,High
266,I-40,446.8,239.4,17.25,34.73,8.0,-0.0474,61.01,10.7,0,,,,,,,clastic_sedimentary,shale,"Walden Creek Group, including Sandsuck Formation, Wilhite Formation, Shields Formation, and Licklog Formation",49509,16.8,8317,FHWA_HPMS_2022,3,1,2,1,0.9831906288641691,0.6162,High
267,I-40,475.8,215.3,14.16,31.32,8.06,-0.0176,52.94,11.0,0,,,,,,,clastic_sedimentary,shale,"Walden Creek Group, including Sandsuck Formation, Wilhite Formation, Shields Formation, and Licklog Formation",62182,16.1,10011,FHWA_HPMS_2022,3,1,2,1,0.9799218891916439,0.598,High
268,I-40,507.3,256.7,13.01,31.32,7.09,0.0375,48.61,10.8,0,,,,,,,clastic_sedimentary,shale,"Walden Creek Group, including Sandsuck Formation, Wilhite Formation, Shields Formation, and Licklog Formation",48707,15.3,7452,FHWA_HPMS_2022,3,1,2,1,0.9933333333333333,0.5829,High
269,I-40,472.2,201.5,13.99,30.86,6.16,-0.0461,49.4,10.8,0,,,,,,,clastic_sedimentary,shale,"Walden Creek Group, including Sandsuck Formation, Wilhite Formation, Shields Formation, and Licklog Formation",53063,20.2,10718,FHWA_HPMS_2022,3,1,2,1,0.9331906288641691,0.568,High
270,I-40,502.4,260.5,14.78,30.86,6.54,-0.0192,51.45,10.8,0,,,,,,,clastic_sedimentary,shale,"Walden Creek Group, including Sandsuck Formation, Wilhite Formation, Shields Formation, and Licklog Formation",55575,19.0,10559,FHWA_HPMS_2022,3,1,2,1,0.9998572955308358,0.6095,High
271,I-40,569.1,220.3,11.61,24.18,5.66,0.0423,40.7,10.7,0,,,,,,,clastic_sedimentary,shale,"Walden Creek Group, including Sandsuck Formation, Wilhite Formation, Shields Formation, and Licklog Formation",61341,17.9,10980,FHWA_HPMS_2022,3,1,2,1,0.844931332365914,0.5243,High
272,I-40,645.6,381.4,12.67,24.96,6.34,0.0315,46.01,10.7,0,,,,,,,clastic_sedimentary,siltstone,"Snowbird Group, including Pigeon Siltstone, Roaring Fork Sandstone, Metcalf Phyllite, Longarm Quartzite, and Wading Branch Formation",42486,18.4,7817,FHWA_HPMS_2022,3,1,1,1,0.99,0.5927,High
273,I-40,741.1,311.1,16.47,25.65,5.54,0.0635,58.33,10.7,0,,,,,,,clastic_sedimentary,siltstone,"Snowbird Group, including Pigeon Siltstone, Roaring Fork Sandstone, Metcalf Phyllite, Longarm Quartzite, and Wading Branch Formation",52466,16.3,8551,FHWA_HPMS_2022,3,1,1,1,1.0,0.6292,High
274,I-40,764.9,231.9,15.02,25.65,4.99,0.0619,51.51,10.4,0,,,,,,,clastic_sedimentary,siltstone,"Snowbird Group, including Pigeon Siltstone, Roaring Fork Sandstone, Metcalf Phyllite, Longarm Quartzite, and Wading Branch Formation",48039,21.7,10424,FHWA_HPMS_2022,3,1,1,1,0.9958284600389864,0.5983,High
275,I-40,731.6,235.0,11.64,20.99,3.79,0.0235,40.55,10.4,0,,,,,,,clastic_sedimentary,siltstone,"Snowbird Group, including Pigeon Siltstone, Roaring Fork Sandstone, Metcalf Phyllite, Longarm Quartzite, and Wading Branch Formation",44231,18.2,8050,FHWA_HPMS_2022,3,1,1,0,0.2768178147882736,0.309,Moderate
276,I-40,741.8,290.5,11.71,21.49,4.06,-0.023,41.77,10.8,0,,,,,,,clastic_sedimentary,siltstone,"Snowbird Group, including Pigeon Siltstone, Roaring Fork Sandstone, Metcalf Phyllite, Longarm Quartzite, and Wading Branch Formation",49774,18.2,9058,FHWA_HPMS_2022,3,1,1,1,0.8681956174126452,0.533,High
277,I-40,803.2,272.2,14.49,22.47,4.14,-0.0271,51.52,11.0,0,,,,,,,clastic_sedimentary,siltstone,"Snowbird Group, including Pigeon Siltstone, Roaring Fork Sandstone, Metcalf Phyllite, Longarm Quartzite, and Wading Branch Formation",48764,19.1,9313,FHWA_HPMS_2022,3,1,1,1,0.9865239621975025,0.5976,High
278,I-40,871.4,284.6,17.03,24.9,3.84,0.0048,59.0,10.8,0,,,,,,,clastic_sedimentary,siltstone,"Snowbird Group, including Pigeon Siltstone, Roaring Fork Sandstone, Metcalf Phyllite, Longarm Quartzite, and Wading Branch Formation",45695,18.7,8544,FHWA_HPMS_2022,3,1,1,1,0.9952625091429301,0.6215,High
279,I-40,965.4,427.2,18.64,27.54,4.5,0.0096,66.72,10.7,0,,,,,,,clastic_sedimentary,siltstone,"Snowbird Group, including Pigeon Siltstone, Roaring Fork Sandstone, Metcalf Phyllite, Longarm Quartzite, and Wading Branch Formation",48268,18.3,8833,FHWA_HPMS_2022,3,1,1,1,0.9999354063391919,0.6668,High
280,I-40,1036.0,372.9,17.76,27.54,5.09,0.016,64.04,10.7,0,,,,,,,clastic_sedimentary,siltstone,"Snowbird Group, including Pigeon Siltstone, Roaring Fork Sandstone, Metcalf Phyllite, Longarm Quartzite, and Wading Branch Formation",46520,16.8,7815,FHWA_HPMS_2022,3,1,1,1,0.9999354063391919,0.6469,High
281,I-40,1004.9,349.5,14.01,26.83,4.73,0.0093,51.15,10.5,0,,,,,,,clastic_sedimentary,siltstone,"Snowbird Group, including Pigeon Siltstone, Roaring Fork Sandstone, Metcalf Phyllite, Longarm Quartzite, and Wading Branch Formation",48435,18.7,9057,FHWA_HPMS_2022,3,1,1,1,0.9999354063391919,0.6112,High
282,I-40,926.1,261.3,11.35,23.83,4.48,-0.0045,41.5,10.5,0,,,,,,,clastic_sedimentary,siltstone,"Snowbird Group, including Pigeon Siltstone, Roaring Fork Sandstone, Metcalf Phyllite, Longarm Quartzite, and Wading Branch Formation",50542,20.8,10512,FHWA_HPMS_2022,3,1,1,1,0.8781956174126452,0.5325,High
283,I-40,885.2,166.7,8.57,18.12,3.88,-0.0008,31.31,10.8,0,,,,,,,clastic_sedimentary,siltstone,"Snowbird Group, including Pigeon Siltstone, Roaring Fork Sandstone, Metcalf Phyllite, Longarm Quartzite, and Wading Branch Formation",54090,20.0,10818,FHWA_HPMS_2022,3,1,1,0,0.031155562842724673,0.1969,Low
284,I-40,889.9,155.5,8.23,16.71,3.59,-0.0231,28.94,10.5,0,,,,,,,clastic_sedimentary,siltstone,"Snowbird Group, including Pigeon Siltstone, Roaring Fork Sandstone, Metcalf Phyllite, Longarm Quartzite, and Wading Branch Formation",40543,16.4,6649,FHWA_HPMS_2022,3,1,1,0,0.0,0.1616,Low
285,I-40,931.6,183.0,9.43,16.89,3.67,0.0032,32.59,10.7,0,,,,,,,clastic_sedimentary,siltstone,"Snowbird Group, including Pigeon Siltstone, Roaring Fork Sandstone, Metcalf Phyllite, Longarm Quartzite, and Wading Branch Formation",52678,13.2,6953,FHWA_HPMS_2022,3,1,1,0,0.05199376947040499,0.2056,Low
286,I-40,987.5,248.9,10.45,18.93,3.86,-0.0002,36.29,10.7,0,,,,,,,clastic_sedimentary,siltstone,"Snowbird Group, including Pigeon Siltstone, Roaring Fork Sandstone, Metcalf Phyllite, Longarm Quartzite, and Wading Branch Formation",37972,12.5,4746,FHWA_HPMS_2022,3,1,1,0,0.059421576540220615,0.2132,Low
287,I-40,1089.0,283.3,10.46,18.93,3.45,-0.0045,39.03,10.7,0,,,,,,,clastic_sedimentary,siltstone,"Snowbird Group, including Pigeon Siltstone, Roaring Fork Sandstone, Metcalf Phyllite, Longarm Quartzite, and Wading Branch Formation",44453,13.8,6134,FHWA_HPMS_2022,3,1,1,0,0.1066020730058585,0.2462,Low
288,I-40,1197.9,240.1,11.6,18.81,3.67,0.032,42.15,10.7,0,,,,,,,clastic_sedimentary,siltstone,"Snowbird Group, including Pigeon Siltstone, Roaring Fork Sandstone, Metcalf Phyllite, Longarm Quartzite, and Wading Branch Formation",47117,14.1,6643,FHWA_HPMS_2022,3,1,1,1,0.8509893547492873,0.5125,High
289,I-40,1233.3,190.1,11.71,18.81,3.89,0.0374,40.3,10.7,0,,,,,,,metamorphic_crystalline,granite,Beech Granite,46011,15.6,7177,FHWA_HPMS_2022,4,2,1,1,0.7291765285094898,0.4867,Moderate
290,I-40,1218.5,181.7,9.42,16.57,3.65,0.0016,33.58,10.8,0,,,,,,,clastic_sedimentary,siltstone,"Snowbird Group, including Pigeon Siltstone, Roaring Fork Sandstone, Metcalf Phyllite, Longarm Quartzite, and Wading Branch Formation",42758,11.5,4917,FHWA_HPMS_2022,3,1,1,0,0.013333333333333334,0.1815,Low
291,I-40,1177.8,206.9,7.72,21.33,3.69,-0.006,28.55,10.7,0,,,,,,,clastic_sedimentary,siltstone,"Snowbird Group, including Pigeon Siltstone, Roaring Fork Sandstone, Metcalf Phyllite, Longarm Quartzite, and Wading Branch Formation",44250,16.3,7212,FHWA_HPMS_2022,3,1,1,0,0.019264579506118505,0.1775,Low
292,I-40,1121.4,166.0,7.02,15.09,3.16,-0.0047,25.31,10.4,0,,,,,,,other,other,other,43225,13.8,5965,FHWA_HPMS_2022,1,3,1,0,0.0,0.1003,Low
293,I-40,1071.7,227.8,8.85,20.26,4.43,-0.017,30.81,10.7,0,,,,,,,other,other,other,42878,13.4,5745,FHWA_HPMS_2022,1,3,1,0,0.016088243206887273,0.1318,Low
294,I-40,1020.0,189.4,11.9,25.16,5.56,-0.0358,42.05,10.8,0,,,,,,,other,other,other,48058,12.5,6007,FHWA_HPMS_2022,1,3,1,0,0.20666666666666667,0.2266,Low
295,I-40,1003.1,182.4,12.29,25.16,5.73,-0.0139,43.59,10.7,0,,,,,,,other,other,other,43199,11.5,4967,FHWA_HPMS_2022,1,3,1,0,0.19,0.2179,Low
296,I-40,950.3,260.8,10.41,21.72,4.62,0.0066,39.52,10.8,0,,,,,,,other,other,other,39671,15.2,6029,FHWA_HPMS_2022,1,3,1,0,0.11942157654022062,0.1898,Low
297,I-40,914.7,223.1,13.06,24.55,5.69,0.0132,44.95,10.7,0,,,,,,,other,other,other,45022,14.1,6348,FHWA_HPMS_2022,1,3,1,1,0.9532687396725252,0.5012,High
298,I-40,899.1,310.4,15.9,24.55,4.9,0.05,54.34,10.5,0,,,,,,,other,other,other,43032,12.1,5206,FHWA_HPMS_2022,1,3,1,1,0.9966666666666667,0.5536,High
299,I-40,794.0,351.1,12.05,23.91,5.68,0.0046,42.64,10.7,0,,,,,,,other,other,other,44731,12.1,5412,FHWA_HPMS_2022,1,3,1,1,0.8966020730058585,0.4924,Moderate
300,I-40,735.2,165.7,9.26,23.41,4.79,-0.0182,35.14,11.0,0,,,,,,,other,other,other,44115,13.5,5955,FHWA_HPMS_2022,1,3,1,0,0.02666666666666667,0.1339,Low
301,I-40,849.4,431.4,16.63,31.75,8.24,0.0458,59.61,10.5,0,,,,,,,other,other,other,39214,16.5,6470,FHWA_HPMS_2022,1,3,1,1,1.0,0.5836,High
302,I-40,958.3,304.7,18.58,31.75,7.09,0.0456,65.3,10.5,0,,,,,,,other,other,other,40117,13.6,5455,FHWA_HPMS_2022,1,3,1,1,1.0,0.5793,High
303,I-40,1033.6,356.5,15.69,24.99,6.02,0.0204,57.38,10.7,0,,,,,,,other,other,other,44510,11.7,5207,FHWA_HPMS_2022,1,3,1,1,0.9733333333333334,0.5566,High
304,I-40,1090.1,296.0,16.43,24.99,5.83,-0.004,59.98,11.1,0,,,,,,,other,other,other,44050,13.6,5990,FHWA_HPMS_2022,1,3,1,1,0.9866020730058586,0.5593,High
305,I-40,1001.1,417.8,14.64,24.4,5.03,-0.028,52.87,10.4,0,,,,,,,other,other,other,41929,13.6,5702,FHWA_HPMS_2022,1,3,1,1,0.9960882432068873,0.5623,High
306,I-40,931.1,222.5,14.59,24.4,5.06,0.0099,50.7,10.4,0,,,,,,,other,other,other,42394,10.0,4239,FHWA_HPMS_2022,1,3,1,1,0.92,0.4989,Moderate
307,I-40,913.6,217.1,14.11,27.89,5.56,0.0027,50.11,10.7,0,,,,,,,other,other,other,41884,13.9,5821,FHWA_HPMS_2022,1,3,1,1,0.9660882432068874,0.513,High
308,I-40,950.8,354.2,14.87,24.08,4.93,-0.0747,53.89,10.7,0,,,,,,,other,other,other,36201,13.7,4959,FHWA_HPMS_2022,1,3,1,1,0.9760882432068873,0.5414,High
309,I-40,1077.8,368.1,15.69,24.08,3.85,0.016,53.75,10.7,0,,,,,,,other,other,other,39663,15.0,5949,FHWA_HPMS_2022,1,3,1,1,0.9960882432068873,0.5595,High
310,I-40,1085.5,324.4,14.91,23.2,4.35,0.0798,51.77,10.5,0,,,,,,,other,other,other,37385,16.8,6280,FHWA_HPMS_2022,1,3,1,1,0.9866666666666667,0.5411,High
311,I-40,952.3,352.8,17.19,27.18,5.47,0.0275,59.87,10.8,0,,,,,,,other,other,other,37338,15.7,5862,FHWA_HPMS_2022,1,3,1,1,1.0,0.5716,High
312,I-40,797.4,475.2,18.52,27.18,5.41,0.0513,63.65,10.4,0,,,,,,,other,other,other,41340,13.6,5622,FHWA_HPMS_2022,1,3,1,1,1.0,0.6062,High
313,I-40,682.6,329.2,15.29,27.12,6.33,0.0185,54.3,11.0,0,,,,,,,other,other,other,40509,12.3,4982,FHWA_HPMS_2022,1,3,1,1,0.99,0.5486,High
314,I-40,625.0,203.8,10.94,26.58,5.44,-0.0173,38.46,10.5,0,,,,,,,other,other,other,40473,17.9,7244,FHWA_HPMS_2022,1,3,1,0,0.1454783141288731,0.1939,Low
315,I-40,617.4,139.1,7.98,18.01,3.45,-0.0108,29.15,10.7,0,,,,,,,other,other,other,41968,14.1,5917,FHWA_HPMS_2022,1,3,1,0,0.0,0.1045,Low
316,I-40,629.7,161.4,7.77,18.92,4.02,-0.0191,29.34,10.8,0,,,,,,,other,other,other,38063,14.0,5328,FHWA_HPMS_2022,1,3,1,0,0.0,0.103,Low
317,I-40,640.9,149.3,8.61,16.01,3.93,-0.0043,31.35,10.5,0,,,,,,,other,other,other,40073,14.0,5610,FHWA_HPMS_2022,1,3,1,0,0.0033333333333333335,0.1112,Low
318,I-40,641.0,158.0,8.51,15.6,3.78,-0.0199,29.87,10.8,0,,,,,,,other,other,other,37056,14.3,5299,FHWA_HPMS_2022,1,3,1,0,0.0,0.1062,Low
319,I-40,642.2,141.5,6.36,14.92,3.1,-0.0055,22.61,10.7,0,,,,,,,other,other,other,32829,13.8,4530,FHWA_HPMS_2022,1,3,1,0,0.0,0.0786,Low
320,I-40,646.1,81.5,4.89,9.91,2.31,-0.0065,18.05,10.7,0,,,,,,,other,other,other,31666,13.1,4148,FHWA_HPMS_2022,1,3,1,0,0.0,0.0539,Low
321,I-40,652.6,81.2,4.15,9.91,2.04,0.0036,16.35,10.7,0,,,,,,,other,other,other,32248,13.2,4256,FHWA_HPMS_2022,1,3,1,0,0.0,0.0485,Low
322,I-40,637.8,166.7,5.37,17.77,3.42,0.0065,20.61,10.5,0,,,,,,,other,other,other,33523,14.0,4693,FHWA_HPMS_2022,1,3,1,0,0.0033333333333333335,0.077,Low
323,I-40,600.3,137.6,8.61,22.51,5.59,0.0008,30.99,11.0,0,,,,,,,other,other,other,29905,13.2,3947,FHWA_HPMS_2022,1,3,1,0,0.0033333333333333335,0.0978,Low
324,I-40,596.1,127.0,7.89,22.51,5.43,-0.0017,27.62,10.7,0,,,,,,,other,other,other,37356,12.9,4818,FHWA_HPMS_2022,1,3,2,0,0.0,0.0946,Low
325,I-40,616.2,91.1,4.25,11.69,2.29,-0.003,15.6,10.7,0,,,,,,,other,other,other,29424,14.2,4178,FHWA_HPMS_2022,1,3,1,0,0.0,0.0473,Low
326,I-40,630.7,65.9,3.42,7.66,1.7,0.0114,12.89,10.4,0,,,,,,,other,other,other,28891,13.6,3929,FHWA_HPMS_2022,1,3,1,0,0.0,0.0346,Low
327,I-40,637.3,75.6,4.25,11.56,2.31,0.008,14.84,11.0,0,,,,,,,other,other,other,34964,16.3,5699,FHWA_HPMS_2022,1,3,1,0,0.0,0.0509,Low
328,I-40,632.4,86.6,5.05,11.8,2.58,0.0036,18.13,10.4,0,,,,,,,other,other,other,34026,10.0,3402,FHWA_HPMS_2022,1,3,1,0,0.0,0.0564,Low
329,I-40,625.6,122.1,6.36,12.92,2.63,0.0141,22.2,10.8,0,,,,,,,other,other,other,33597,15.6,5241,FHWA_HPMS_2022,1,3,1,0,0.0,0.0767,Low
330,I-40,629.5,122.1,5.14,12.92,2.91,-0.0023,18.8,10.8,0,,,,,,,other,other,other,33608,15.9,5343,FHWA_HPMS_2022,1,3,1,0,0.0,0.0663,Low
331,I-40,637.5,75.0,3.38,9.03,1.55,-0.0109,12.24,10.8,0,,,,,,,other,other,other,31968,10.9,3484,FHWA_HPMS_2022,1,3,1,0,0.0,0.037,Low
332,I-40,649.5,54.0,2.91,5.68,1.28,-0.0029,10.24,10.7,0,,,,,,,other,other,other,29703,13.5,4009,FHWA_HPMS_2022,1,3,1,0,0.0,0.0276,Low
333,I-40,649.4,52.0,2.88,5.31,1.22,0.0108,10.42,10.8,0,,,,,,,other,other,other,32194,13.4,4313,FHWA_HPMS_2022,1,3,1,0,0.0,0.0299,Low
334,I-40,646.9,46.4,2.75,5.44,1.29,0.0014,10.29,10.5,0,,,,,,,other,other,other,30266,11.9,3601,FHWA_HPMS_2022,1,3,1,0,0.0,0.0254,Low
335,I-40,652.8,54.1,2.91,5.76,1.3,0.0033,10.39,10.8,0,,,,,,,other,other,other,34496,12.8,4415,FHWA_HPMS_2022,1,3,1,0,0.0,0.0324,Low
336,I-40,663.0,57.1,2.88,6.38,1.42,-0.0085,11.18,11.0,0,,,,,,,other,other,other,31623,12.3,3889,FHWA_HPMS_2022,1,3,1,0,0.0,0.0304,Low
337,I-40,689.8,144.4,6.16,19.95,5.22,-0.0326,22.13,11.0,0,,,,,,,other,other,other,29886,16.6,4961,FHWA_HPMS_2022,1,3,1,0,0.006666666666666667,0.078,Low
338,I-40,744.0,206.2,11.14,22.92,5.89,0.0004,38.69,10.7,0,,,,,,,other,other,other,31177,15.4,4801,FHWA_HPMS_2022,1,3,1,0,0.07608824320688728,0.1597,Low
339,I-40,797.6,263.6,15.34,29.87,6.11,0.0516,53.08,10.7,0,,,,,,,other,other,other,33057,15.9,5256,FHWA_HPMS_2022,1,3,1,1,0.98,0.5275,High
340,I-40,801.1,301.8,15.63,29.87,7.08,-0.0041,57.34,10.7,0,,,,,,,other,other,other,30556,15.1,4613,FHWA_HPMS_2022,1,3,1,1,0.9594215765402206,0.53,High
341,I-40,815.5,297.8,15.91,28.32,6.57,-0.01,56.67,10.8,0,,,,,,,other,other,other,29895,12.3,3677,FHWA_HPMS_2022,1,3,1,1,0.9494215765402206,0.5245,High
342,I-40,863.9,377.5,16.89,29.73,5.9,0.0279,59.65,10.2,0,,,,,,,other,other,other,35000,13.2,4620,FHWA_HPMS_2022,1,3,1,1,0.9866666666666667,0.5651,High
